date_symbol,percent_change,last,open,flat_change,high,low
2011-07-01-yhoo,2.73%,$ 15.45,$ 15.07,0.41,$ 15.50,$ 15.02,
2011-07-04-aapl,2.26%,$ 343.26,$ 335.95,7.59,$ 343.50,$ 334.20
2011-07-04-adbe,0.25%,$ 31.53,$ 31.33,0.08,$ 31.65,$ 31.24,
2011-07-04-adp,2.3%,$ 53.89,$ 52.56,1.21,$ 53.99,$ 52.48
2011-07-04-adsk,0.26%,$ 38.70,$ 38.60,0.10,$ 38.89,$ 38.44,
2011-07-04-akam,0.06%,$ 31.49,$ 31.37,0.02,$ 31.65,$ 30.98
2011-07-04-altr,2.55%,$ 47.53,$ 46.44,1.18,$ 47.75,$ 46.20,
2011-07-04-alxn,1.02%,$ 47.51,$ 46.91,0.48,$ 47.51,$ 46.91
2011-07-04-amat,2.15%,$ 13.29,$ 13.01,0.28,$ 13.31,$ 12.88,
2011-07-04-amgn,0.12%,$ 58.28,$ 58.44,0.07,$ 58.44,$ 57.89
2011-07-04-amzn,2.45%,$ 209.49,$ 205.55,5,$ 210.27,$ 203.61,
2011-07-04-apol,6.36%,$ 46.46,$ 45.98,2.78,$ 47.72,$ 45.62
2011-07-04-atvi,1.37%,$ 11.84,$ 11.71,0.16,$ 11.88,$ 11.64,
2011-07-04-bbby,1.75%,$ 59.39,$ 58.48,1.02,$ 59.525,$ 58.40
2011-07-04-bidu,2.3%,$ 143.346,$ 139.44,3.216,$ 143.35,$ 138.90,
2011-07-04-biib,1.48%,$ 108.50,$ 107.35,1.58,$ 108.64,$ 106.92
2011-07-04-bmc,1.99%,$ 55.79,$ 54.84,1.09,$ 56.10,$ 54.80,
2011-07-04-brcm,2.29%,$ 34.41,$ 33.82,0.77,$ 34.70,$ 33.59
2011-07-04-ca,1.44%,$ 23.17,$ 22.87,0.33,$ 23.18,$ 22.77,
2011-07-04-celg,0.93%,$ 60.88,$ 60.75,0.56,$ 60.97,$ 60.17
2011-07-04-cern,2.34%,$ 62.54,$ 61.36,1.43,$ 62.59,$ 60.82,
2011-07-04-chkp,0.18%,$ 56.75,$ 56.64,0.10,$ 56.89,$ 56.25
2011-07-04-chrw,2.26%,$ 80.62,$ 79.10,1.78,$ 80.99,$ 78.8426,
2011-07-04-cmcsa,1.99%,$ 25.73,$ 25.30,0.5025,$ 25.79,$ 25.17
2011-07-04-cost,0.37%,$ 81.54,$ 81.50,0.30,$ 81.70,$ 81.04,
2011-07-04-csco,1.6%,$ 15.86,$ 15.65,0.25,$ 15.95,$ 15.60
2011-07-04-ctrp,2.25%,$ 44.05,$ 43.24,0.97,$ 44.17,$ 42.68,
2011-07-04-ctsh,1.99%,$ 74.80,$ 73.48,1.46,$ 74.8596,$ 73.1201
2011-07-04-ctxs,0.98%,$ 80.78,$ 80.31,0.78,$ 81.32,$ 79.97,
2011-07-04-dell,1.86%,$ 16.98,$ 16.70,0.31,$ 17,$ 16.60
2011-07-04-dltr,2.42%,$ 68.23,$ 67.02,1.61,$ 68.50,$ 66.74,
2011-07-04-dtv,1.85%,$ 51.76,$ 51.11,0.94,$ 51.84,$ 50.78
2011-07-04-ebay,1.46%,$ 32.74,$ 32.22,0.47,$ 32.80,$ 31.99,
2011-07-04-erts,2.5%,$ 24.19,$ 23.57,0.59,$ 24.20,$ 23.40
2011-07-04-esrx,0.04%,$ 53.96,$ 54.08,0.02,$ 54.35,$ 53.78,
2011-07-04-expd,2.42%,$ 52.43,$ 51.21,1.24,$ 52.49,$ 51.19
2011-07-04-expe,1.9%,$ 29.54,$ 28.96,0.55,$ 29.63,$ 28.89,
2011-07-04-fast,1.83%,$ 36.65,$ 36.04,0.66,$ 36.71,$ 36
2011-07-04-ffiv,2.64%,$ 113.16,$ 110.83,2.91,$ 113.33,$ 110.13,
2011-07-04-fisv,1.78%,$ 63.745,$ 62.77,1.115,$ 64,$ 62.38
2011-07-04-flex,2.8%,$ 6.60,$ 6.45,0.18,$ 6.61,$ 6.42,
2011-07-04-flir,1.45%,$ 34.20,$ 33.58,0.49,$ 34.28,$ 33.34
2011-07-04-fslr,0.6%,$ 133.06,$ 130.66,0.79,$ 133.48,$ 129.1109,
2011-07-04-gild,1.3%,$ 41.95,$ 41.44,0.54,$ 41.97,$ 41.38
2011-07-04-gmcr,1.22%,$ 90.35,$ 89.61,1.09,$ 90.94,$ 89.16,
2011-07-04-goog,2.89%,$ 521.028,$ 506.74,14.648,$ 521.18,$ 506.38
2011-07-04-grmn,1.67%,$ 33.58,$ 33.12,0.55,$ 33.72,$ 33.05,
2011-07-04-hpq,1.79%,$ 37.05,,0.65,$ 37.13,$ 36.34
2011-07-04-hsic,1.89%,$ 72.94,$ 71.73,1.35,$ 73.01,$ 71.28,
2011-07-04-ilmn,1.14%,$ 76.01,$ 75.16,0.86,$ 76.39,$ 74.85
2011-07-04-infy,1.29%,$ 66.07,$ 65.60,0.84,$ 66.14,$ 65.26,
2011-07-04-intc,1.67%,$ 22.53,$ 22.25,0.37,$ 22.58,$ 22.10
2011-07-04-intu,0.73%,$ 52.24,$ 51.97,0.38,$ 52.37,$ 51.63,
2011-07-04-isrg,1.76%,$ 378.65,$ 373.25,6.54,$ 379.40,$ 371.44
2011-07-04-joyg,1.99%,$ 97.14,$ 94.68,1.90,$ 97.53,$ 93.69,
2011-07-04-klac,2.4%,$ 41.45,$ 40.53,0.97,$ 41.631,$ 40.21
2011-07-04-life,0.5%,$ 52.33,$ 52.24,0.26,$ 52.61,$ 51.83,
2011-07-04-linta,2.5%,$ 17.19,$ 16.78,0.42,$ 17.24,$ 16.70
2011-07-04-lltc,1.24%,$ 33.43,$ 33.09,0.41,$ 33.54,$ 32.97,
2011-07-04-lrcx,2.24%,$ 45.27,$ 44.32,0.99,$ 45.65,$ 43.8992
2011-07-04-mat,1.82%,$ 27.99,$ 27.55,0.50,$ 28,$ 27.49,
2011-07-04-mchp,1.16%,$ 38.35,$ 37.98,0.44,$ 38.49,$ 37.76
2011-07-04-mrvl,2.34%,$ 15.11,$ 14.79,0.345,$ 15.20,$ 14.70,
2011-07-04-msft,0.08%,$ 26.02,$ 25.95,0.02,$ 26.17,$ 25.84
2011-07-04-mu,4.68%,$ 7.83,$ 7.46,0.35,$ 7.85,$ 7.37,
2011-07-04-mxim,1.29%,$ 25.89,$ 25.56,0.33,$ 26.09,$ 25.48
2011-07-04-myl,1.22%,$ 24.97,$ 24.67,0.30,$ 24.99,$ 24.52,
2011-07-04-nflx,2.02%,$ 267.99,$ 262.06,5.30,$ 268.26,$ 262.06
2011-07-04-nihd,1.82%,$ 43.15,$ 42.27,0.77,$ 43.18,$ 41.97,
2011-07-04-ntap,2.92%,$ 54.32,$ 53.51,1.54,$ 54.57,$ 53.07
2011-07-04-nvda,1.32%,$ 16.145,$ 15.94,0.21,$ 16.21,$ 15.62,
2011-07-04-nwsa,2.03%,$ 18.06,$ 17.74,0.36,$ 18.07,$ 17.58
2011-07-04-orcl,0.43%,$ 33.05,$ 32.89,0.14,$ 33.20,$ 32.48,
2011-07-04-orly,1.07%,$ 66.21,$ 65.61,0.70,$ 66.52,$ 65.55
2011-07-04-payx,1.07%,$ 31.05,$ 30.60,0.33,$ 31.09,$ 30.60,
2011-07-04-pcar,1.88%,$ 52.05,$ 51.24,0.96,$ 52.17,$ 50.62
2011-07-04-pcln,2.51%,$ 524.798,$ 513.39,12.868,$ 525.24,$ 510,
2011-07-04-qcom,1.92%,$ 57.88,$ 56.79,1.09,$ 57.98,$ 56.44
2011-07-04-qgen,0.26%,$ 19.07,$ 19.14,0.05,$ 19.18,$ 19.01,
2011-07-04-rimm,0.28%,$ 28.93,$ 28.72,0.08,$ 29,$ 28.45
2011-07-04-rost,1.44%,$ 81.27,$ 80.37,1.15,$ 81.35,$ 79.77,
2011-07-04-sbux,1.77%,$ 40.19,$ 39.62,0.70,$ 40.26,$ 39.50
2011-07-04-shld,0.97%,$ 72.13,$ 71.05,0.69,$ 72.44,$ 69.65,
2011-07-04-sial,1.17%,$ 74.24,$ 73.54,0.86,$ 74.265,$ 73.07
2011-07-04-sndk,3.13%,$ 42.80,$ 41.69,1.30,$ 42.92,$ 41.51,
2011-07-04-spls,0.76%,$ 15.92,$ 15.89,0.12,$ 15.98,$ 15.73
2011-07-04-srcl,2.36%,$ 91.22,$ 89.56,2.10,$ 91.25,$ 89.36,
2011-07-04-stx,1.24%,$ 16.36,$ 16.18,0.20,$ 16.37,$ 15.95
2011-07-04-symc,0.56%,$ 19.83,$ 19.82,0.11,$ 19.885,$ 19.71,
2011-07-04-teva,1.62%,$ 49,$ 48.47,0.78,$ 49.06,$ 48.30
2011-07-04-urbn,2.74%,$ 28.92,$ 28.18,0.77,$ 29.07,$ 28.07,
2011-07-04-vmed,1.04%,$ 30.24,$ 30.24,0.31,$ 30.50,$ 30.03
2011-07-04-vod,0.67%,$ 26.90,$ 26.42,0.18,$ 26.96,$ 26.40,
2011-07-04-vrsn,1.26%,$ 33.88,$ 33.37,0.42,$ 34.07,$ 33.31
2011-07-04-vrtx,0.56%,$ 51.70,$ 51.49,0.29,$ 51.92,$ 51.08,
2011-07-04-wcrx,0.83%,$ 24.33,$ 24.10,0.20,$ 24.34,$ 24
2011-07-04-wfm,1.51%,$ 64.41,$ 63.69,0.96,$ 64.41,$ 63.38,
2011-07-04-wynn,4.2%,$ 149.57,$ 144.54,6.03,$ 150.53,$ 143.54
2011-07-04-xlnx,1.6%,$ 37.055,$ 36.57,0.585,$ 37.23,$ 36.35,
2011-07-04-xray,1.16%,$ 38.52,$ 38.19,0.44,$ 38.54,$ 37.92
2011-07-04-yhoo,2.73%,$ 15.45,$ 15.07,0.41,$ 15.50,$ 15.02,
2011-07-05-aapl,1.8%,$ 349.43,$ 342.97,6.17,$ 349.83,$ 342.50
2011-07-05-adbe,0.03%,$ 31.52,$ 31.42,0.01,$ 31.60,$ 31.24,
2011-07-05-adp,0.41%,$ 53.67,$ 54,0.22,$ 54,$ 53.51
2011-07-05-adsk,0.44%,$ 38.87,$ 38.83,0.17,$ 38.93,$ 38.44,
2011-07-05-akam,0.98%,$ 31.18,$ 31.35,0.31,$ 31.49,$ 30.95
2011-07-05-altr,0.86%,$ 47.12,$ 47.63,0.41,$ 47.80,$ 46.821,
2011-07-05-alxn,0.95%,$ 47.96,$ 47.37,0.45,$ 48,$ 46.73
2011-07-05-amat,1.5%,$ 13.09,$ 13.29,0.20,$ 13.30,$ 13,
2011-07-05-amgn,0.62%,$ 57.92,$ 58.20,0.36,$ 58.25,$ 57.68
2011-07-05-amzn,1.77%,$ 213.19,$ 208.74,3.70,$ 214.45,$ 208.73,
2011-07-05-apol,1.23%,$ 47.03,$ 46.47,0.57,$ 47.41,$ 45.99
2011-07-05-atvi,0.34%,$ 11.80,$ 11.83,0.04,$ 11.84,$ 11.70,
2011-07-05-bbby,0.15%,$ 59.30,$ 59.49,0.09,$ 59.50,$ 58.99
2011-07-05-bidu,1.76%,$ 145.87,$ 145.81,2.524,$ 146.30,$ 142.92,
2011-07-05-biib,0.54%,$ 107.91,$ 108.62,0.59,$ 109.14,$ 107.56
2011-07-05-bmc,0.61%,$ 55.45,$ 55.75,0.34,$ 55.90,$ 55.235,
2011-07-05-brcm,0.41%,$ 34.27,$ 34.29,0.14,$ 34.479,$ 34.01
2011-07-05-ca,1.21%,$ 22.89,$ 23.09,0.28,$ 23.09,$ 22.77,
2011-07-05-celg,0.94%,$ 60.31,$ 60.94,0.57,$ 60.99,$ 60.02
2011-07-05-cern,0.74%,$ 63,$ 62.59,0.46,$ 63.05,$ 62.30,
2011-07-05-chkp,1.59%,$ 57.65,$ 56.98,0.90,$ 57.91,$ 56.67
2011-07-05-chrw,0.19%,$ 80.47,$ 80.80,0.15,$ 80.94,$ 80.10,
2011-07-05-cmcsa,0.93%,$ 25.97,$ 25.75,0.24,$ 26.14,$ 25.70
2011-07-05-cost,0.31%,$ 81.29,$ 81.69,0.25,$ 81.945,$ 80.97,
2011-07-05-csco,0.82%,$ 15.67,$ 15.92,0.13,$ 15.92,$ 15.55
2011-07-05-ctrp,0.27%,$ 44.17,$ 43.43,0.12,$ 44.64,$ 43.07,
2011-07-05-ctsh,1.16%,$ 75.67,$ 74.54,0.87,$ 75.71,$ 74.34
2011-07-05-ctxs,0.35%,$ 81.06,$ 80.74,0.28,$ 81.49,$ 79.93,
2011-07-05-dell,,$ 16.98,$ 16.94,,$ 17.15,$ 16.93
2011-07-05-dltr,1.45%,$ 69.22,$ 68.67,0.99,$ 69.445,$ 68.10,
2011-07-05-dtv,0.48%,$ 52.01,$ 51.85,0.25,$ 52.39,$ 51.61
2011-07-05-ebay,0.31%,$ 32.64,$ 32.75,0.10,$ 32.88,$ 32.37,
2011-07-05-erts,0.54%,$ 24.32,$ 24.25,0.13,$ 24.84,$ 24.15
2011-07-05-esrx,0.56%,$ 53.66,$ 53.79,0.30,$ 53.98,$ 53.38,
2011-07-05-expd,0.31%,$ 52.27,$ 52.41,0.16,$ 52.51,$ 51.86
2011-07-05-expe,1.32%,$ 29.93,$ 29.49,0.39,$ 29.95,$ 29.26,
2011-07-05-fast,0.16%,$ 36.59,$ 36.70,0.06,$ 36.73,$ 36.31
2011-07-05-ffiv,0.31%,$ 113.51,$ 113.01,0.35,$ 113.83,$ 111.37,
2011-07-05-fisv,0.45%,$ 64.03,$ 63.76,0.285,$ 64.14,$ 63.44
2011-07-05-flex,0.76%,$ 6.55,$ 6.60,0.05,$ 6.69,$ 6.47,
2011-07-05-flir,0.47%,$ 34.04,$ 34.20,0.16,$ 34.21,$ 33.90
2011-07-05-fslr,0.73%,$ 132.09,$ 132.03,0.97,$ 133.21,$ 131.21,
2011-07-05-gild,0.91%,$ 41.57,$ 41.88,0.38,$ 41.99,$ 41.425
2011-07-05-gmcr,1.79%,$ 91.97,$ 90.48,1.62,$ 92.97,$ 90.35,
2011-07-05-goog,2.19%,$ 532.44,$ 525.32,11.412,$ 535.40,$ 525.30
2011-07-05-grmn,0.98%,$ 33.25,$ 33.71,0.33,$ 33.71,$ 32.96,
2011-07-05-hpq,1.65%,$ 36.44,,0.61,$ 37,$ 36.27
2011-07-05-hsic,0.25%,$ 73.12,$ 73.14,0.18,$ 73.30,$ 72.5508,
2011-07-05-ilmn,2.39%,$ 77.83,$ 76.25,1.82,$ 78.43,$ 75.36
2011-07-05-infy,0.98%,$ 66.72,$ 66.21,0.65,$ 66.75,$ 66.10,
2011-07-05-intc,0.4%,$ 22.44,$ 22.68,0.09,$ 22.69,$ 22.36
2011-07-05-intu,0.23%,$ 52.36,$ 52.29,0.12,$ 52.70,$ 51.99,
2011-07-05-isrg,0.72%,$ 381.37,$ 379,2.72,$ 382.96,$ 376
2011-07-05-joyg,0.45%,$ 96.70,$ 96.64,0.44,$ 96.99,$ 95.20,
2011-07-05-klac,2.03%,$ 40.61,$ 41.24,0.84,$ 41.3592,$ 40.405
2011-07-05-life,0.63%,$ 52,$ 51.99,0.33,$ 52.20,$ 51.54,
2011-07-05-linta,0.52%,$ 17.28,$ 17.16,0.09,$ 17.305,$ 16.94
2011-07-05-lltc,1.68%,$ 32.87,$ 33.45,0.56,$ 33.45,$ 32.79,
2011-07-05-lrcx,1.63%,$ 44.53,$ 45.27,0.74,$ 45.42,$ 44.23
2011-07-05-mat,0.29%,$ 27.91,$ 28.04,0.08,$ 28.10,$ 27.755,
2011-07-05-mchp,1.17%,$ 37.90,$ 38.41,0.45,$ 38.45,$ 37.80
2011-07-05-mrvl,0.53%,$ 15.19,$ 15.28,0.08,$ 15.34,$ 15.05,
2011-07-05-msft,0.04%,$ 26.03,$ 26.11,0.01,$ 26.15,$ 25.90
2011-07-05-mu,0.64%,$ 7.78,$ 7.89,0.05,$ 7.99,$ 7.69,
2011-07-05-mxim,0.54%,$ 25.75,$ 25.93,0.14,$ 25.93,$ 25.55
2011-07-05-myl,0.76%,$ 24.78,$ 24.87,0.19,$ 24.91,$ 24.69,
2011-07-05-nflx,8.07%,$ 289.63,$ 275.71,21.64,$ 291.23,$ 275.71
2011-07-05-nihd,0.58%,$ 42.90,$ 43.24,0.25,$ 43.24,$ 42.67,
2011-07-05-ntap,0.7%,$ 53.94,$ 54.13,0.38,$ 54.32,$ 53.46
2011-07-05-nvda,1.64%,$ 15.88,$ 16.15,0.265,$ 16.28,$ 15.74,
2011-07-05-nwsa,0.39%,$ 18.13,$ 17.90,0.07,$ 18.20,$ 17.839
2011-07-05-orcl,0.03%,$ 33.06,$ 32.96,0.01,$ 33.14,$ 32.79,
2011-07-05-orly,0.26%,$ 66.04,$ 66.22,0.17,$ 66.35,$ 65.65
2011-07-05-payx,0.29%,$ 30.96,$ 31.17,0.09,$ 31.18,$ 30.79,
2011-07-05-pcar,0.15%,$ 51.97,$ 52,0.08,$ 52.20,$ 51.26
2011-07-05-pcln,2.01%,$ 535.37,$ 525,10.572,$ 537.10,$ 521.1095,
2011-07-05-qcom,0.45%,$ 58.14,$ 57.67,0.26,$ 58.25,$ 57.51
2011-07-05-qgen,1.36%,$ 19.33,$ 19.74,0.26,$ 19.75,$ 19.24,
2011-07-05-rimm,0.03%,$ 28.92,$ 29.25,0.01,$ 29.76,$ 28.61
2011-07-05-rost,0.09%,$ 81.20,$ 81.25,0.07,$ 81.72,$ 80.82,
2011-07-05-sbux,1.89%,$ 40.95,$ 40.16,0.76,$ 41.11,$ 39.77
2011-07-05-shld,1.89%,$ 70.77,$ 71.74,1.36,$ 72,$ 70.59,
2011-07-05-sial,0.12%,$ 74.15,$ 74.11,0.09,$ 74.43,$ 73.74
2011-07-05-sndk,1.52%,$ 43.45,$ 43.62,0.65,$ 43.99,$ 43.215,
2011-07-05-spls,0.38%,$ 15.86,$ 15.90,0.06,$ 15.96,$ 15.79
2011-07-05-srcl,0.55%,$ 91.72,$ 90.99,0.50,$ 92.10,$ 90.89,
2011-07-05-stx,0.98%,$ 16.20,$ 16.29,0.16,$ 16.29,$ 16.01
2011-07-05-symc,0.35%,$ 19.76,$ 19.80,0.07,$ 19.84,$ 19.66,
2011-07-05-teva,0.16%,$ 48.92,$ 48.86,0.08,$ 49.10,$ 48.84
2011-07-05-urbn,0.66%,$ 29.11,$ 28.96,0.19,$ 29.185,$ 28.51,
2011-07-05-vmed,1.09%,$ 30.57,$ 30.26,0.33,$ 30.66,$ 29.96
2011-07-05-vod,0.22%,$ 26.84,$ 26.83,0.06,$ 27.01,$ 26.76,
2011-07-05-vrsn,1.06%,$ 34.24,$ 33.76,0.36,$ 34.30,$ 33.76
2011-07-05-vrtx,0.95%,$ 52.19,$ 51.84,0.49,$ 52.22,$ 51.62,
2011-07-05-wcrx,0.74%,$ 24.15,$ 24.33,0.18,$ 24.33,$ 24.11
2011-07-05-wfm,0.92%,$ 63.82,$ 64.12,0.59,$ 64.23,$ 62.37,
2011-07-05-wynn,1.06%,$ 151.16,$ 149.94,1.59,$ 151.44,$ 148.41
2011-07-05-xlnx,1.15%,$ 36.63,$ 37.07,0.425,$ 37.15,$ 36.525,
2011-07-05-xray,0.1%,$ 38.56,$ 38.53,0.04,$ 38.62,$ 38.23
2011-07-05-yhoo,0.26%,$ 15.49,$ 15.40,0.04,$ 15.67,$ 15.25,
2011-07-06-aapl,0.67%,$ 351.76,$ 349,2.33,$ 354.10,$ 346.71
2011-07-06-adbe,0.41%,$ 31.65,$ 31.52,0.13,$ 31.79,$ 31.45,
2011-07-06-adp,0.61%,$ 54,$ 53.69,0.33,$ 54.28,$ 53.57
2011-07-06-adsk,1.29%,$ 39.37,$ 38.92,0.50,$ 39.43,$ 38.69,
2011-07-06-akam,0.8%,$ 31.43,$ 31.18,0.25,$ 31.84,$ 31.05
2011-07-06-altr,0.08%,$ 47.08,$ 47.11,0.04,$ 47.27,$ 46.55,
2011-07-06-alxn,0.31%,$ 47.81,$ 47.94,0.15,$ 48.10,$ 47.62
2011-07-06-amat,0.38%,$ 13.04,$ 13.05,0.05,$ 13.08,$ 12.83,
2011-07-06-amgn,0.38%,$ 57.70,$ 57.99,0.22,$ 58.14,$ 57.53
2011-07-06-amzn,0.47%,$ 214.19,$ 212.12,1,$ 214.40,$ 211.0101,
2011-07-06-apol,0.94%,$ 47.47,$ 47.07,0.44,$ 47.63,$ 46.678
2011-07-06-atvi,1.36%,$ 11.96,$ 11.81,0.16,$ 11.97,$ 11.75,
2011-07-06-bbby,0.34%,$ 59.10,$ 59.24,0.20,$ 59.49,$ 58.93
2011-07-06-bidu,0.02%,$ 145.84,$ 144.50,0.03,$ 146.68,$ 143,
2011-07-06-biib,0.02%,$ 107.89,$ 107.66,0.02,$ 108.10,$ 106.73
2011-07-06-bmc,0.25%,$ 55.31,$ 55.42,0.14,$ 55.62,$ 54.81,
2011-07-06-brcm,0.64%,$ 34.05,$ 34.20,0.22,$ 34.30,$ 33.73
2011-07-06-ca,1.18%,$ 23.16,$ 22.91,0.27,$ 23.22,$ 22.84,
2011-07-06-celg,0.36%,$ 60.53,$ 60.35,0.22,$ 60.96,$ 60.17
2011-07-06-cern,1.05%,$ 63.66,$ 63.02,0.66,$ 64.10,$ 63.02,
2011-07-06-chkp,0.36%,$ 57.86,$ 57.60,0.21,$ 58.06,$ 57.51
2011-07-06-chrw,0.86%,$ 81.16,$ 80.50,0.69,$ 81.45,$ 80.37,
2011-07-06-cmcsa,1.85%,$ 25.49,$ 26,0.48,$ 26.05,$ 25.43
2011-07-06-cost,1.66%,$ 82.64,$ 81.37,1.35,$ 82.94,$ 81.37,
2011-07-06-csco,0.7%,$ 15.56,$ 15.61,0.11,$ 15.68,$ 15.45
2011-07-06-ctrp,1.06%,$ 43.70,$ 44,0.47,$ 44.40,$ 43.34,
2011-07-06-ctsh,0.44%,$ 76,$ 75.60,0.33,$ 76.11,$ 75.54
2011-07-06-ctxs,1.43%,$ 82.22,$ 81.09,1.16,$ 82.71,$ 80.40,
2011-07-06-dell,0.41%,$ 16.91,$ 16.97,0.07,$ 16.98,$ 16.59
2011-07-06-dltr,0.48%,$ 69.55,$ 69.29,0.33,$ 69.86,$ 68.95,
2011-07-06-dtv,0.17%,$ 51.92,$ 52.05,0.09,$ 52.23,$ 51.69
2011-07-06-ebay,0.86%,$ 32.92,$ 32.64,0.28,$ 33.10,$ 32.35,
2011-07-06-erts,0.12%,$ 24.35,$ 24.33,0.03,$ 24.55,$ 24.22
2011-07-06-esrx,0.91%,$ 54.15,$ 53.66,0.49,$ 54.50,$ 52.96,
2011-07-06-expd,0.36%,$ 52.46,$ 52.29,0.19,$ 52.85,$ 52.04
2011-07-06-expe,0.17%,$ 29.88,$ 29.93,0.05,$ 30,$ 29.55,
2011-07-06-fast,0.33%,$ 36.47,$ 36.60,0.12,$ 36.7318,$ 36.35
2011-07-06-ffiv,2.04%,$ 115.82,$ 113.29,2.31,$ 116.75,$ 113.29,
2011-07-06-fisv,1.12%,$ 64.75,$ 63.94,0.72,$ 64.99,$ 63.80
2011-07-06-flex,1.22%,$ 6.47,$ 6.60,0.08,$ 6.60,$ 6.40,
2011-07-06-flir,0.12%,$ 34,$ 33.90,0.04,$ 34.13,$ 33.775
2011-07-06-fslr,0.42%,$ 131.53,$ 132,0.56,$ 133.20,$ 130.68,
2011-07-06-gild,1.64%,$ 42.25,$ 41.73,0.68,$ 42.25,$ 41.65
2011-07-06-gmcr,1.61%,$ 93.45,$ 91.97,1.48,$ 93.72,$ 91.38,
2011-07-06-goog,0.55%,$ 535.36,$ 533.50,2.92,$ 538.51,$ 533.04
2011-07-06-grmn,0.09%,$ 33.22,$ 33.28,0.03,$ 33.40,$ 33.01,
2011-07-06-hpq,0.75%,$ 36.195,,0.275,$ 36.59,$ 36.10
2011-07-06-hsic,1.49%,$ 74.21,$ 73.17,1.09,$ 74.57,$ 73.0513,
2011-07-06-ilmn,0.06%,$ 77.88,$ 78.38,0.05,$ 79.40,$ 77.56
2011-07-06-infy,0.39%,$ 66.46,$ 66.67,0.26,$ 66.72,$ 66.02,
2011-07-06-intc,1.38%,$ 22.75,$ 22.48,0.31,$ 22.82,$ 22.44
2011-07-06-intu,0.04%,$ 52.34,$ 51.65,0.02,$ 52.55,$ 51.1375,
2011-07-06-isrg,0.13%,$ 380.87,$ 381.02,0.50,$ 384.49,$ 379.91
2011-07-06-joyg,0.02%,$ 96.72,$ 96.80,0.02,$ 97.94,$ 96.031,
2011-07-06-klac,2.14%,$ 39.74,$ 40.35,0.87,$ 40.35,$ 39.49
2011-07-06-life,0.52%,$ 52.27,$ 51.98,0.27,$ 52.54,$ 51.825,
2011-07-06-linta,0.69%,$ 17.40,$ 17.28,0.12,$ 17.43,$ 17.09
2011-07-06-lltc,0.06%,$ 32.89,$ 32.77,0.02,$ 33.12,$ 32.60,
2011-07-06-lrcx,2.92%,$ 43.23,$ 44.28,1.30,$ 44.31,$ 43.04
2011-07-06-mat,1%,$ 27.63,$ 27.98,0.28,$ 28.17,$ 27.59,
2011-07-06-mchp,0.42%,$ 38.06,$ 37.77,0.16,$ 38.09,$ 37.5899
2011-07-06-mrvl,0.72%,$ 15.08,$ 15.15,0.11,$ 15.25,$ 14.98,
2011-07-06-msft,1.15%,$ 26.33,$ 25.99,0.30,$ 26.37,$ 25.96
2011-07-06-mu,2.83%,$ 7.56,$ 7.73,0.22,$ 7.74,$ 7.48,
2011-07-06-mxim,0.16%,$ 25.71,$ 25.72,0.04,$ 25.83,$ 25.57
2011-07-06-myl,0.12%,$ 24.75,$ 24.83,0.03,$ 24.9001,$ 24.62,
2011-07-06-nflx,0.46%,$ 290.96,$ 286.65,1.33,$ 291.78,$ 284.50
2011-07-06-nihd,1.4%,$ 43.50,$ 43,0.60,$ 43.56,$ 42.98,
2011-07-06-ntap,0.83%,$ 53.49,$ 53.86,0.45,$ 54.25,$ 53.11
2011-07-06-nvda,1.32%,$ 15.67,$ 15.87,0.21,$ 15.90,$ 15.48,
2011-07-06-nwsa,3.64%,$ 17.47,$ 17.75,0.66,$ 17.75,$ 17.09
2011-07-06-orcl,0.45%,$ 33.21,$ 33,0.15,$ 33.25,$ 32.87,
2011-07-06-orly,0.51%,$ 65.70,$ 65.92,0.34,$ 66.46,$ 65.62
2011-07-06-payx,1.23%,$ 31.34,$ 30.99,0.38,$ 31.35,$ 30.93,
2011-07-06-pcar,0.62%,$ 51.65,$ 51.97,0.32,$ 52.13,$ 51.375
2011-07-06-pcln,0.14%,$ 536.13,$ 534.84,0.76,$ 538.96,$ 530.04,
2011-07-06-qcom,0.96%,$ 58.70,$ 58.08,0.56,$ 58.75,$ 57.88
2011-07-06-qgen,0.16%,$ 19.36,$ 19.36,0.03,$ 19.43,$ 19.26,
2011-07-06-rimm,4.15%,$ 27.72,$ 28.64,1.20,$ 28.78,$ 27.63
2011-07-06-rost,0.16%,$ 81.07,$ 81.11,0.13,$ 81.64,$ 80.57,
2011-07-06-sbux,1.29%,$ 40.42,$ 40.83,0.53,$ 40.90,$ 40.36
2011-07-06-shld,0.31%,$ 70.99,$ 70.75,0.22,$ 72.36,$ 70.75,
2011-07-06-sial,0.93%,$ 74.84,$ 74.11,0.69,$ 75.21,$ 73.97
2011-07-06-sndk,1.01%,$ 43.01,$ 43.28,0.44,$ 43.50,$ 42.45,
2011-07-06-spls,0.79%,$ 15.735,$ 15.83,0.125,$ 15.89,$ 15.67
2011-07-06-srcl,0.85%,$ 92.50,$ 91.72,0.78,$ 92.57,$ 91.34,
2011-07-06-stx,0.74%,$ 16.32,$ 16.24,0.12,$ 16.51,$ 16.22
2011-07-06-symc,0.15%,$ 19.79,$ 19.74,0.03,$ 19.82,$ 19.61,
2011-07-06-teva,0.14%,$ 48.99,$ 48.75,0.07,$ 49.11,$ 48.62
2011-07-06-urbn,5.63%,$ 30.75,$ 29.12,1.64,$ 31.44,$ 29.01,
2011-07-06-vmed,1.67%,$ 30.06,$ 30.45,0.51,$ 30.72,$ 29.86
2011-07-06-vod,0.97%,$ 26.58,$ 26.43,0.26,$ 26.69,$ 26.37,
2011-07-06-vrsn,0.61%,$ 34.45,$ 34.25,0.21,$ 34.61,$ 34.15
2011-07-06-vrtx,3.87%,$ 50.17,$ 51.89,2.02,$ 52,$ 49.82,
2011-07-06-wcrx,1.41%,$ 24.49,$ 24.16,0.34,$ 24.62,$ 24.11
2011-07-06-wfm,0.06%,$ 63.78,$ 63.94,0.04,$ 64.50,$ 63.39,
2011-07-06-wynn,1.41%,$ 153.29,$ 150.99,2.13,$ 154.15,$ 150.2008
2011-07-06-xlnx,0.3%,$ 36.52,$ 36.51,0.11,$ 36.72,$ 36.20,
2011-07-06-xray,0.75%,$ 38.85,$ 38.54,0.29,$ 39.02,$ 38.40
2011-07-06-yhoo,1.48%,$ 15.72,$ 15.53,0.23,$ 15.8088,$ 15.52,
2011-07-07-aapl,1.55%,$ 357.20,$ 354.72,5.44,$ 358,$ 354
2011-07-07-adbe,1.33%,$ 32.07,$ 31.76,0.42,$ 32.35,$ 31.76,
2011-07-07-adp,1.89%,$ 55.02,$ 54.36,1.02,$ 55.02,$ 54.33
2011-07-07-adsk,2.59%,$ 40.39,$ 39.55,1.02,$ 40.45,$ 39.55,
2011-07-07-akam,0.35%,$ 31.54,$ 31.81,0.11,$ 31.92,$ 31.49
2011-07-07-altr,2.21%,$ 48.12,$ 47.59,1.04,$ 48.35,$ 47.35,
2011-07-07-alxn,1.36%,$ 48.46,$ 48.08,0.65,$ 48.49,$ 47.52
2011-07-07-amat,3.03%,$ 13.435,$ 13.14,0.395,$ 13.52,$ 13.125,
2011-07-07-amgn,0.36%,$ 57.91,$ 58.08,0.21,$ 58.30,$ 57.54
2011-07-07-amzn,1.19%,$ 216.74,$ 215.21,2.55,$ 217.80,$ 215.09,
2011-07-07-apol,2.99%,$ 48.89,$ 48.02,1.42,$ 49.15,$ 47.75
2011-07-07-atvi,0.67%,$ 12.04,$ 11.99,0.08,$ 12.10,$ 11.90,
2011-07-07-bbby,2.05%,$ 60.31,$ 59.74,1.21,$ 60.55,$ 59.73
2011-07-07-bidu,0.8%,$ 147.01,$ 147.12,1.17,$ 148.44,$ 145.07,
2011-07-07-biib,1.27%,$ 106.52,$ 108.73,1.37,$ 108.88,$ 106.40
2011-07-07-bmc,2.15%,$ 56.50,$ 55.90,1.19,$ 56.55,$ 55.7119,
2011-07-07-brcm,2.88%,$ 35.03,$ 34.44,0.98,$ 35.11,$ 34.35
2011-07-07-ca,1.12%,$ 23.42,$ 23.36,0.26,$ 23.495,$ 23.265,
2011-07-07-celg,1.9%,$ 61.68,$ 61,1.15,$ 61.84,$ 60.35
2011-07-07-cern,0.99%,$ 64.29,$ 64.07,0.63,$ 64.32,$ 63.565,
2011-07-07-chkp,0.38%,$ 58.08,$ 58.22,0.22,$ 58.40,$ 57.86
2011-07-07-chrw,1.16%,$ 82.10,$ 81.67,0.94,$ 82.61,$ 81.34,
2011-07-07-cmcsa,0.35%,$ 25.58,$ 25.67,0.09,$ 25.815,$ 25.54
2011-07-07-cost,0.7%,$ 82.06,$ 83.20,0.58,$ 83.45,$ 81.61,
2011-07-07-csco,2.19%,$ 15.90,$ 15.61,0.34,$ 15.99,$ 15.61
2011-07-07-ctrp,3.89%,$ 45.40,$ 44.07,1.70,$ 46,$ 43.45,
2011-07-07-ctsh,2.13%,$ 77.62,$ 76.67,1.62,$ 77.71,$ 76.66
2011-07-07-ctxs,0.57%,$ 82.69,$ 83.10,0.47,$ 84,$ 82.60,
2011-07-07-dell,1.42%,$ 17.15,$ 17,0.24,$ 17.22,$ 16.94
2011-07-07-dltr,0.95%,$ 70.21,$ 70,0.66,$ 70.54,$ 69.67,
2011-07-07-dtv,1.69%,$ 52.80,$ 52.33,0.88,$ 52.93,$ 52.13
2011-07-07-ebay,1.25%,$ 33.33,$ 33.10,0.41,$ 33.60,$ 33.04,
2011-07-07-erts,1.97%,$ 24.83,$ 24.59,0.48,$ 24.93,$ 24.48
2011-07-07-esrx,1.26%,$ 54.83,$ 54.50,0.68,$ 54.87,$ 54.03,
2011-07-07-expd,0.8%,$ 52.88,$ 52.91,0.42,$ 53.22,$ 52.56
2011-07-07-expe,1.24%,$ 30.25,$ 30.11,0.37,$ 30.32,$ 29.8401,
2011-07-07-fast,0.22%,$ 36.55,$ 36.32,0.08,$ 36.80,$ 36.21
2011-07-07-ffiv,1.57%,$ 117.64,$ 117.07,1.82,$ 119.69,$ 116.90,
2011-07-07-fisv,0.73%,$ 65.22,$ 65,0.47,$ 65.41,$ 64.89
2011-07-07-flex,3.4%,$ 6.69,$ 6.52,0.22,$ 6.69,$ 6.48,
2011-07-07-flir,2%,$ 34.68,$ 34.24,0.68,$ 34.74,$ 34.10
2011-07-07-fslr,1.02%,$ 132.87,$ 132.28,1.34,$ 134.21,$ 130.24,
2011-07-07-gild,1.04%,$ 42.69,$ 42.47,0.44,$ 42.70,$ 42.34
2011-07-07-gmcr,1.81%,$ 95.14,$ 94.01,1.69,$ 95.71,$ 93.80,
2011-07-07-goog,2.1%,$ 546.60,$ 540.96,11.24,$ 550.68,$ 535.88
2011-07-07-grmn,1.57%,$ 33.74,$ 33.45,0.52,$ 33.97,$ 33.2915,
2011-07-07-hpq,0.75%,$ 36.47,,0.27,$ 36.59,$ 36.33
2011-07-07-hsic,0.94%,$ 74.91,$ 74.54,0.70,$ 74.98,$ 73.77,
2011-07-07-ilmn,2.36%,$ 76.04,$ 77.56,1.84,$ 77.90,$ 75.96
2011-07-07-infy,2.69%,$ 68.25,$ 67.25,1.79,$ 68.52,$ 67.16,
2011-07-07-intc,2.11%,$ 23.23,$ 22.88,0.48,$ 23.39,$ 22.86
2011-07-07-intu,0.17%,$ 52.25,$ 52.72,0.09,$ 52.75,$ 52.015,
2011-07-07-isrg,3.31%,$ 368.25,$ 376,12.62,$ 378.13,$ 367.62
2011-07-07-joyg,2.26%,$ 98.91,$ 98.40,2.19,$ 99.31,$ 97.93,
2011-07-07-klac,7.02%,$ 42.53,$ 40.41,2.79,$ 42.95,$ 40.345
2011-07-07-life,0.9%,$ 51.80,$ 52.44,0.47,$ 52.53,$ 51.31,
2011-07-07-linta,1.67%,$ 17.69,$ 17.47,0.29,$ 17.91,$ 17.35
2011-07-07-lltc,1.92%,$ 33.52,$ 33.17,0.63,$ 33.66,$ 33.03,
2011-07-07-lrcx,3.49%,$ 44.74,$ 43.60,1.51,$ 45.12,$ 43.60
2011-07-07-mat,1.34%,$ 28,$ 27.92,0.37,$ 28.15,$ 27.59,
2011-07-07-mchp,0.87%,$ 38.39,$ 38.35,0.33,$ 38.59,$ 38.15
2011-07-07-mrvl,2.06%,$ 15.39,$ 15.21,0.31,$ 15.61,$ 15.13,
2011-07-07-msft,1.67%,$ 26.77,$ 26.49,0.44,$ 26.88,$ 26.36
2011-07-07-mu,3.44%,$ 7.82,$ 7.63,0.26,$ 7.89,$ 7.61,
2011-07-07-mxim,0.93%,$ 25.95,$ 25.80,0.24,$ 26.23,$ 25.80
2011-07-07-myl,0.61%,$ 24.90,$ 24.95,0.15,$ 25,$ 24.76,
2011-07-07-nflx,0.5%,$ 292.42,$ 293.20,1.46,$ 297.35,$ 291.63
2011-07-07-nihd,0.83%,$ 43.86,$ 43.73,0.36,$ 44,$ 43.53,
2011-07-07-ntap,0.77%,$ 53.90,$ 54.01,0.41,$ 54.18,$ 53
2011-07-07-nvda,0.35%,$ 15.725,$ 15.75,0.055,$ 15.83,$ 15.45,
2011-07-07-nwsa,0.23%,$ 17.43,$ 17.53,0.04,$ 17.80,$ 17.39
2011-07-07-orcl,2.65%,$ 34.09,$ 33.42,0.88,$ 34.13,$ 33.40,
2011-07-07-orly,0.11%,$ 65.77,$ 66.16,0.07,$ 66.39,$ 65.61
2011-07-07-payx,0.93%,$ 31.63,$ 31.57,0.29,$ 31.68,$ 31.53,
2011-07-07-pcar,3.37%,$ 53.39,$ 52.43,1.74,$ 53.68,$ 52.18
2011-07-07-pcln,2.09%,$ 547.34,$ 541.74,11.21,$ 549.60,$ 540.17,
2011-07-07-qcom,0.95%,$ 59.26,$ 58.90,0.56,$ 59.48,$ 58.86
2011-07-07-qgen,0.62%,$ 19.24,$ 19.26,0.12,$ 19.30,$ 19.02,
2011-07-07-rimm,4.73%,$ 29.03,$ 27.88,1.31,$ 29.25,$ 27.52
2011-07-07-rost,0.25%,$ 81.27,$ 81.17,0.20,$ 81.56,$ 80.16,
2011-07-07-sbux,0.25%,$ 40.32,$ 39.90,0.10,$ 40.50,$ 39.43
2011-07-07-shld,4.55%,$ 74.22,$ 71.57,3.23,$ 74.79,$ 71.25,
2011-07-07-sial,1.3%,$ 75.81,$ 75.53,0.97,$ 76.16,$ 75.21
2011-07-07-sndk,1.42%,$ 43.62,$ 43.40,0.61,$ 43.92,$ 43.01,
2011-07-07-spls,1.05%,$ 15.90,$ 15.83,0.165,$ 16.03,$ 15.79
2011-07-07-srcl,0.54%,$ 93,$ 93.09,0.50,$ 93.95,$ 92.45,
2011-07-07-stx,1.96%,$ 16.64,$ 16.80,0.32,$ 17,$ 16.61
2011-07-07-symc,0.35%,$ 19.86,$ 19.90,0.07,$ 20,$ 19.73,
2011-07-07-teva,0.71%,$ 49.34,$ 49.14,0.35,$ 49.44,$ 49.08
2011-07-07-urbn,5.95%,$ 32.58,$ 32.15,1.83,$ 33.56,$ 31.95,
2011-07-07-vmed,0.27%,$ 30.14,$ 30.27,0.08,$ 30.42,$ 29.9771
2011-07-07-vod,0.98%,$ 26.84,$ 26.61,0.26,$ 26.93,$ 26.60,
2011-07-07-vrsn,0.49%,$ 34.62,$ 34.60,0.17,$ 34.80,$ 34.42
2011-07-07-vrtx,0.08%,$ 50.13,$ 50.21,0.04,$ 50.33,$ 49.05,
2011-07-07-wcrx,0.37%,$ 24.58,$ 24.60,0.09,$ 24.60,$ 24.10
2011-07-07-wfm,1.46%,$ 64.71,$ 64.50,0.93,$ 64.89,$ 64,
2011-07-07-wynn,2.74%,$ 157.49,$ 155.25,4.20,$ 159.17,$ 155.13
2011-07-07-xlnx,1.62%,$ 37.11,$ 36.78,0.59,$ 37.37,$ 36.59,
2011-07-07-xray,0.8%,$ 39.16,$ 39.01,0.31,$ 39.34,$ 39.01
2011-07-07-yhoo,0.57%,$ 15.81,$ 15.78,0.09,$ 15.95,$ 15.70,
2011-07-08-aapl,0.7%,$ 359.71,$ 353.52,2.51,$ 360,$ 352.20
2011-07-08-adbe,1.65%,$ 31.54,$ 31.82,0.53,$ 32,$ 31.12,
2011-07-08-adp,0.95%,$ 54.50,$ 54.45,0.52,$ 54.90,$ 53.77
2011-07-08-adsk,0.67%,$ 40.12,$ 39.90,0.27,$ 40.24,$ 39.73,
2011-07-08-akam,0.38%,$ 31.66,$ 31.36,0.12,$ 31.91,$ 31.19
2011-07-08-altr,2.66%,$ 46.84,$ 47.62,1.28,$ 47.73,$ 46.50,
2011-07-08-alxn,3.8%,$ 50.30,$ 48.23,1.84,$ 50.35,$ 48.13
2011-07-08-amat,2.49%,$ 13.10,$ 13.22,0.335,$ 13.31,$ 13,
2011-07-08-amgn,0.47%,$ 57.64,$ 57.76,0.27,$ 58.30,$ 57.36
2011-07-08-amzn,0.71%,$ 218.28,$ 214.30,1.54,$ 218.32,$ 213.25,
2011-07-08-apol,0.02%,$ 48.88,$ 48.37,0.01,$ 49.04,$ 47.83
2011-07-08-atvi,0.25%,$ 12.07,$ 11.96,0.03,$ 12.12,$ 11.85,
2011-07-08-bbby,0.28%,$ 60.14,$ 59.64,0.17,$ 60.16,$ 59.35
2011-07-08-bidu,0.52%,$ 147.78,$ 143.16,0.77,$ 147.80,$ 140.62,
2011-07-08-biib,0.82%,$ 107.39,$ 107.04,0.87,$ 107.56,$ 105.82
2011-07-08-bmc,0.58%,$ 56.17,$ 55.95,0.33,$ 56.23,$ 55.45,
2011-07-08-brcm,1.17%,$ 34.62,$ 34.66,0.41,$ 34.75,$ 34.19
2011-07-08-ca,1.02%,$ 23.18,$ 23.11,0.24,$ 23.44,$ 22.935,
2011-07-08-celg,0.5%,$ 61.99,$ 61.49,0.31,$ 62.49,$ 61.29
2011-07-08-cern,0.36%,$ 64.06,$ 63.75,0.23,$ 64.48,$ 63.31,
2011-07-08-chkp,0.62%,$ 58.44,$ 57.82,0.36,$ 58.57,$ 57.69
2011-07-08-chrw,0.76%,$ 81.48,$ 81.20,0.62,$ 81.83,$ 81.01,
2011-07-08-cmcsa,0.27%,$ 25.51,$ 25.34,0.07,$ 25.615,$ 25.16
2011-07-08-cost,0.79%,$ 81.41,$ 81.59,0.65,$ 82,$ 80.91,
2011-07-08-csco,1.01%,$ 15.74,$ 15.75,0.16,$ 15.90,$ 15.56
2011-07-08-ctrp,1.08%,$ 44.91,$ 44.87,0.49,$ 45.24,$ 44.36,
2011-07-08-ctsh,1.6%,$ 76.38,$ 76.87,1.24,$ 77.61,$ 75.53
2011-07-08-ctxs,0.35%,$ 82.98,$ 81.75,0.29,$ 82.98,$ 81.27,
2011-07-08-dell,0.06%,$ 17.14,$ 16.98,0.01,$ 17.15,$ 16.84
2011-07-08-dltr,0.47%,$ 69.88,$ 69.81,0.33,$ 70.32,$ 69.4001,
2011-07-08-dtv,0.53%,$ 53.08,$ 52.39,0.28,$ 53.14,$ 52.26
2011-07-08-ebay,0.27%,$ 33.42,$ 32.96,0.09,$ 33.43,$ 32.84,
2011-07-08-erts,0.89%,$ 25.05,$ 24.58,0.22,$ 25.05,$ 24.49
2011-07-08-esrx,0.47%,$ 54.57,$ 54.41,0.26,$ 55.28,$ 54.06,
2011-07-08-expd,1.02%,$ 52.34,$ 52.28,0.54,$ 52.71,$ 51.96
2011-07-08-expe,1.42%,$ 30.68,$ 29.89,0.43,$ 30.68,$ 29.5729,
2011-07-08-fast,0.22%,$ 36.63,$ 36.15,0.08,$ 36.67,$ 35.99
2011-07-08-ffiv,1.04%,$ 116.42,$ 115,1.22,$ 117,$ 114.20,
2011-07-08-fisv,0.94%,$ 64.61,$ 64.75,0.61,$ 64.95,$ 64.06
2011-07-08-flex,1.49%,$ 6.59,$ 6.57,0.10,$ 6.66,$ 6.48,
2011-07-08-flir,1.33%,$ 34.22,$ 34.23,0.46,$ 34.34,$ 33.81
2011-07-08-fslr,0.2%,$ 132.60,$ 130.51,0.27,$ 132.78,$ 130.26,
2011-07-08-gild,0.59%,$ 42.44,$ 42.43,0.25,$ 42.75,$ 42.185
2011-07-08-gmcr,1.11%,$ 96.20,$ 94.16,1.06,$ 96.91,$ 93.822,
2011-07-08-goog,2.67%,$ 531.99,$ 532.95,14.61,$ 537.65,$ 527.27
2011-07-08-grmn,0.41%,$ 33.60,$ 33.44,0.14,$ 33.83,$ 33.28,
2011-07-08-hpq,0.22%,$ 36.37,,0.08,$ 36.37,$ 35.80
2011-07-08-hsic,0.79%,$ 74.32,$ 74.45,0.59,$ 74.82,$ 73.78,
2011-07-08-ilmn,0.11%,$ 76.12,$ 75.06,0.08,$ 76.37,$ 74.69
2011-07-08-infy,1.52%,$ 67.21,$ 67.09,1.04,$ 67.94,$ 66.40,
2011-07-08-intc,0.6%,$ 23.09,$ 22.99,0.14,$ 23.20,$ 22.81
2011-07-08-intu,1.07%,$ 51.69,$ 51.87,0.56,$ 52.12,$ 51.23,
2011-07-08-isrg,0.12%,$ 368.70,$ 365.91,0.45,$ 368.98,$ 362.32
2011-07-08-joyg,1.68%,$ 97.25,$ 97,1.66,$ 97.80,$ 95.90,
2011-07-08-klac,0.66%,$ 42.25,$ 42.01,0.28,$ 42.43,$ 41.62
2011-07-08-life,0.97%,$ 51.30,$ 51.40,0.50,$ 51.61,$ 50.89,
2011-07-08-linta,0.28%,$ 17.74,$ 17.52,0.05,$ 17.76,$ 17.31
2011-07-08-lltc,1.31%,$ 33.08,$ 33.14,0.44,$ 33.39,$ 32.74,
2011-07-08-lrcx,1.27%,$ 44.17,$ 44.34,0.57,$ 44.43,$ 43.75
2011-07-08-mat,1.25%,$ 27.65,$ 27.75,0.35,$ 27.94,$ 27.51,
2011-07-08-mchp,1.35%,$ 37.87,$ 37.95,0.52,$ 38.22,$ 37.60
2011-07-08-mrvl,0.13%,$ 15.41,$ 15.21,0.02,$ 15.45,$ 15.13,
2011-07-08-msft,0.56%,$ 26.92,$ 26.56,0.15,$ 26.98,$ 26.51
2011-07-08-mu,1.79%,$ 7.68,$ 7.69,0.14,$ 7.79,$ 7.61,
2011-07-08-mxim,0.54%,$ 25.81,$ 25.65,0.14,$ 25.8101,$ 25.535
2011-07-08-myl,0.32%,$ 24.98,$ 24.74,0.08,$ 25,$ 24.57,
2011-07-08-nflx,0.93%,$ 295.14,$ 288.04,2.72,$ 295.80,$ 287.1208
2011-07-08-nihd,0.64%,$ 43.58,$ 43.48,0.28,$ 43.79,$ 42.76,
2011-07-08-ntap,0.78%,$ 53.48,$ 53.30,0.42,$ 53.67,$ 52.60
2011-07-08-nvda,1.88%,$ 15.43,$ 15.52,0.295,$ 15.62,$ 15.30,
2011-07-08-nwsa,3.9%,$ 16.75,$ 17.06,0.68,$ 17.21,$ 16.56
2011-07-08-orcl,0.44%,$ 33.94,$ 33.84,0.15,$ 33.945,$ 33.42,
2011-07-08-orly,0.53%,$ 65.42,$ 65.22,0.35,$ 65.99,$ 65.14
2011-07-08-payx,0.95%,$ 31.33,$ 31.38,0.30,$ 31.55,$ 31.07,
2011-07-08-pcar,2.14%,$ 52.25,$ 52.57,1.14,$ 52.75,$ 51.91
2011-07-08-pcln,0.88%,$ 552.15,$ 538.07,4.81,$ 552.15,$ 535.26,
2011-07-08-qcom,0.17%,$ 59.36,$ 58.82,0.10,$ 59.37,$ 58.08
2011-07-08-qgen,0.36%,$ 19.17,$ 19.13,0.07,$ 19.29,$ 19.06,
2011-07-08-rimm,0.17%,$ 28.98,$ 28.68,0.05,$ 29.28,$ 28.22
2011-07-08-rost,1.46%,$ 80.08,$ 80.70,1.19,$ 81.16,$ 79.25,
2011-07-08-sbux,0.07%,$ 40.35,$ 39.88,0.03,$ 40.40,$ 39.819
2011-07-08-shld,0.62%,$ 74.68,$ 73,0.46,$ 75,$ 72.98,
2011-07-08-sial,0.16%,$ 75.69,$ 75.15,0.12,$ 75.81,$ 74.62
2011-07-08-sndk,1.33%,$ 43.04,$ 42.96,0.58,$ 43.44,$ 42.71,
2011-07-08-spls,2.08%,$ 15.57,$ 15.72,0.33,$ 15.77,$ 15.40
2011-07-08-srcl,0.1%,$ 92.91,$ 92.35,0.09,$ 92.94,$ 91.60,
2011-07-08-stx,1.77%,$ 16.935,$ 16.54,0.295,$ 16.95,$ 16.51
2011-07-08-symc,0.65%,$ 19.73,$ 19.67,0.13,$ 19.80,$ 19.44,
2011-07-08-teva,0.26%,$ 49.47,$ 49.06,0.13,$ 49.57,$ 48.97
2011-07-08-urbn,1.69%,$ 32.03,$ 32.06,0.55,$ 32.43,$ 31.85,
2011-07-08-vmed,3.78%,$ 29,$ 29.40,1.14,$ 29.43,$ 28.78
2011-07-08-vod,0.34%,$ 26.75,$ 26.72,0.09,$ 26.85,$ 26.56,
2011-07-08-vrsn,0.58%,$ 34.42,$ 34.32,0.20,$ 34.49,$ 34.06
2011-07-08-vrtx,1.08%,$ 50.67,$ 49.88,0.54,$ 50.74,$ 49.22,
2011-07-08-wcrx,0.16%,$ 24.62,$ 24.43,0.04,$ 24.63,$ 24.125
2011-07-08-wfm,0.54%,$ 64.36,$ 63.95,0.35,$ 64.77,$ 63.82,
2011-07-08-wynn,2.32%,$ 161.15,$ 155.25,3.66,$ 161.74,$ 154.66
2011-07-08-xlnx,2.34%,$ 36.24,$ 36.66,0.87,$ 36.74,$ 35.77,
2011-07-08-xray,0.18%,$ 39.23,$ 38.82,0.07,$ 39.23,$ 38.47
2011-07-08-yhoo,1.27%,$ 15.61,$ 15.62,0.20,$ 15.69,$ 15.44,
2011-07-11-aapl,1.59%,$ 354,$ 356.33,5.71,$ 359.77,$ 352.82
2011-07-11-adbe,1.78%,$ 30.98,$ 31.18,0.56,$ 31.33,$ 30.76,
2011-07-11-adp,1.16%,$ 53.87,$ 54.02,0.63,$ 54.17,$ 53.67
2011-07-11-adsk,2.82%,$ 38.99,$ 39.73,1.13,$ 39.91,$ 38.91,
2011-07-11-akam,2.68%,$ 30.81,$ 31.25,0.85,$ 31.49,$ 30.59
2011-07-11-altr,1.47%,$ 46.15,$ 46.43,0.69,$ 47.17,$ 45.94,
2011-07-11-alxn,0.14%,$ 50.37,$ 50,0.07,$ 50.68,$ 49.59
2011-07-11-amat,0.92%,$ 12.98,$ 13,0.12,$ 13.45,$ 12.92,
2011-07-11-amgn,1.28%,$ 56.90,$ 57.21,0.74,$ 57.50,$ 56.66
2011-07-11-amzn,2.63%,$ 212.55,$ 216.74,5.73,$ 217.50,$ 211,
2011-07-11-apol,2.27%,$ 47.77,$ 48.30,1.11,$ 48.54,$ 47.45
2011-07-11-atvi,1.82%,$ 11.85,$ 11.97,0.22,$ 12,$ 11.75,
2011-07-11-bbby,1.31%,$ 59.35,$ 59.49,0.79,$ 59.855,$ 58.98
2011-07-11-bidu,3.64%,$ 142.40,$ 144.90,5.38,$ 146.99,$ 141.02,
2011-07-11-biib,1.83%,$ 105.43,$ 106.35,1.96,$ 107.64,$ 104.90
2011-07-11-bmc,1.74%,$ 55.19,$ 55.45,0.98,$ 55.89,$ 54.93,
2011-07-11-brcm,1.96%,$ 33.94,$ 34.16,0.68,$ 34.72,$ 33.71
2011-07-11-ca,0.82%,$ 22.99,$ 23.04,0.19,$ 23.24,$ 22.93,
2011-07-11-celg,1.58%,$ 61.01,$ 61.38,0.98,$ 61.72,$ 60.72
2011-07-11-cern,1.92%,$ 62.83,$ 63.42,1.23,$ 64.03,$ 62.41,
2011-07-11-chkp,1.9%,$ 57.33,$ 58.32,1.11,$ 58.40,$ 57.06
2011-07-11-chrw,1.26%,$ 80.45,$ 80.51,1.03,$ 80.93,$ 79.85,
2011-07-11-cmcsa,1.88%,$ 25.03,$ 25.28,0.48,$ 25.495,$ 24.90
2011-07-11-cost,0.9%,$ 80.68,$ 80.70,0.73,$ 81.08,$ 80.44,
2011-07-11-csco,1.97%,$ 15.43,$ 15.53,0.31,$ 15.62,$ 15.33
2011-07-11-ctrp,2.54%,$ 43.77,$ 44.33,1.14,$ 44.79,$ 43.46,
2011-07-11-ctsh,2.12%,$ 74.76,$ 75.60,1.62,$ 76.21,$ 74.36
2011-07-11-ctxs,4.57%,$ 79.19,$ 81.92,3.79,$ 82.60,$ 78.75,
2011-07-11-dell,2.86%,$ 16.65,$ 16.98,0.49,$ 17.05,$ 16.55
2011-07-11-dltr,0.39%,$ 69.61,$ 69.46,0.27,$ 69.969,$ 69.20,
2011-07-11-dtv,0.51%,$ 52.81,$ 52.62,0.27,$ 53.05,$ 52.1999
2011-07-11-ebay,1.53%,$ 32.91,$ 33.02,0.51,$ 34.07,$ 32.725,
2011-07-11-erts,2.63%,$ 24.39,$ 24.76,0.66,$ 24.97,$ 24.26
2011-07-11-esrx,2%,$ 53.48,$ 54.09,1.09,$ 54.10,$ 53.39,
2011-07-11-expd,1.45%,$ 51.58,$ 51.89,0.76,$ 52.05,$ 51.18
2011-07-11-expe,0.95%,$ 30.39,$ 30.26,0.29,$ 30.84,$ 30,
2011-07-11-fast,1.72%,$ 36,$ 36.20,0.63,$ 36.33,$ 35.72
2011-07-11-ffiv,3.13%,$ 112.78,$ 115.54,3.64,$ 117.1692,$ 112.24,
2011-07-11-fisv,1.45%,$ 63.67,$ 64,0.94,$ 64.37,$ 63.55
2011-07-11-flex,2.88%,$ 6.40,$ 6.52,0.19,$ 6.53,$ 6.37,
2011-07-11-flir,2.98%,$ 33.20,$ 33.83,1.02,$ 33.86,$ 33.08
2011-07-11-fslr,4.28%,$ 126.93,$ 130.32,5.67,$ 130.98,$ 126.55,
2011-07-11-gild,2.76%,$ 41.27,$ 42.08,1.17,$ 42.15,$ 41.13
2011-07-11-gmcr,1.66%,$ 94.60,$ 95.41,1.60,$ 96.42,$ 93.83,
2011-07-11-goog,0.89%,$ 527.28,$ 528.14,4.71,$ 535.98,$ 525.50
2011-07-11-grmn,0.51%,$ 33.43,$ 33.32,0.17,$ 33.49,$ 33.12,
2011-07-11-hpq,3.34%,$ 35.215,,1.215,$ 36,$ 35.17
2011-07-11-hsic,1.39%,$ 73.29,$ 73.76,1.03,$ 74.02,$ 73.11,
2011-07-11-ilmn,3.06%,$ 73.79,$ 75.59,2.33,$ 75.59,$ 73.63
2011-07-11-infy,3.14%,$ 65.10,$ 65.99,2.11,$ 66.02,$ 64.9601,
2011-07-11-intc,1.04%,$ 22.85,$ 22.87,0.24,$ 22.98,$ 22.73
2011-07-11-intu,1.55%,$ 50.89,$ 51.15,0.80,$ 51.57,$ 50.77,
2011-07-11-isrg,1.86%,$ 361.83,$ 365.41,6.87,$ 368.14,$ 361.05
2011-07-11-joyg,2.86%,$ 94.47,$ 95.97,2.78,$ 96.09,$ 93.40,
2011-07-11-klac,0.09%,$ 42.29,$ 42.60,0.04,$ 43.81,$ 42.03
2011-07-11-life,1.77%,$ 50.39,$ 50.84,0.91,$ 51.20,$ 50.33,
2011-07-11-linta,1.41%,$ 17.49,$ 17.55,0.25,$ 17.62,$ 17.27
2011-07-11-lltc,1.42%,$ 32.61,$ 32.73,0.47,$ 33.08,$ 32.45,
2011-07-11-lrcx,1.56%,$ 44.86,$ 44.84,0.69,$ 46.27,$ 44.41
2011-07-11-mat,1.88%,$ 27.13,$ 27.35,0.52,$ 27.38,$ 26.99,
2011-07-11-mchp,1.03%,$ 37.48,$ 37.48,0.39,$ 37.98,$ 37.32
2011-07-11-mrvl,3.57%,$ 14.86,$ 15.15,0.55,$ 15.24,$ 14.80,
2011-07-11-msft,1.08%,$ 26.63,$ 26.63,0.29,$ 26.80,$ 26.49
2011-07-11-mu,2.47%,$ 7.49,$ 7.57,0.19,$ 7.70,$ 7.45,
2011-07-11-mxim,1.51%,$ 25.42,$ 25.49,0.39,$ 25.85,$ 25.28
2011-07-11-myl,2.6%,$ 24.33,$ 24.74,0.65,$ 24.78,$ 24.265,
2011-07-11-nflx,1.49%,$ 290.74,$ 294.62,4.40,$ 301.50,$ 286.90
2011-07-11-nihd,2.96%,$ 42.29,$ 43.19,1.29,$ 43.22,$ 42.15,
2011-07-11-ntap,1.72%,$ 52.56,$ 53.05,0.92,$ 53.9372,$ 52.15
2011-07-11-nvda,3.5%,$ 14.89,$ 15.16,0.54,$ 15.20,$ 14.85,
2011-07-11-nwsa,7.58%,$ 15.48,$ 16.25,1.27,$ 16.29,$ 15.44
2011-07-11-orcl,2.18%,$ 33.14,$ 33.66,0.74,$ 33.66,$ 32.90,
2011-07-11-orly,1.53%,$ 64.42,$ 64.91,1,$ 65.47,$ 64.11
2011-07-11-payx,1.18%,$ 30.96,$ 31.03,0.37,$ 31.09,$ 30.77,
2011-07-11-pcar,3.44%,$ 50.45,$ 51.60,1.80,$ 51.83,$ 49.99
2011-07-11-pcln,2.83%,$ 536.55,$ 544,15.60,$ 548.75,$ 535.20,
2011-07-11-qcom,1.89%,$ 58.24,$ 58.75,1.12,$ 58.93,$ 57.76
2011-07-11-qgen,3.6%,$ 18.48,$ 18.71,0.69,$ 18.81,$ 18.425,
2011-07-11-rimm,3.21%,$ 28.05,$ 28.72,0.93,$ 29.39,$ 27.97
2011-07-11-rost,1.39%,$ 78.97,$ 79.60,1.11,$ 80.20,$ 78.61,
2011-07-11-sbux,1.51%,$ 39.74,$ 39.98,0.61,$ 40.29,$ 39.45
2011-07-11-shld,2.87%,$ 72.54,$ 73.86,2.14,$ 74.36,$ 72.08,
2011-07-11-sial,2.58%,$ 73.74,$ 74.70,1.95,$ 74.9399,$ 73.57
2011-07-11-sndk,2.95%,$ 41.77,$ 42.55,1.27,$ 42.80,$ 41.30,
2011-07-11-spls,1.93%,$ 15.27,$ 15.41,0.30,$ 15.47,$ 15.18
2011-07-11-srcl,1.63%,$ 91.40,$ 92.17,1.51,$ 92.31,$ 91.04,
2011-07-11-stx,1.33%,$ 16.71,$ 16.60,0.225,$ 16.87,$ 16.46
2011-07-11-symc,1.88%,$ 19.36,$ 19.52,0.37,$ 19.63,$ 19.24,
2011-07-11-teva,0.34%,$ 49.30,$ 48.86,0.17,$ 49.31,$ 48.71
2011-07-11-urbn,2.28%,$ 31.30,$ 31.70,0.73,$ 32.10,$ 31.14,
2011-07-11-vmed,3.76%,$ 27.91,$ 28.65,1.09,$ 28.66,$ 27.82
2011-07-11-vod,2.09%,$ 26.19,$ 26.22,0.56,$ 26.31,$ 26.04,
2011-07-11-vrsn,1.74%,$ 33.82,$ 34.11,0.60,$ 34.34,$ 33.70
2011-07-11-vrtx,0.79%,$ 50.27,$ 50.22,0.40,$ 50.86,$ 49.77,
2011-07-11-wcrx,2.48%,$ 24.01,$ 24.37,0.61,$ 24.405,$ 23.945
2011-07-11-wfm,0.47%,$ 64.66,$ 65,0.30,$ 65.73,$ 63.89,
2011-07-11-wynn,2.69%,$ 156.81,$ 159.40,4.34,$ 160.61,$ 155.96
2011-07-11-xlnx,1.6%,$ 35.66,$ 35.88,0.58,$ 36.40,$ 35.52,
2011-07-11-xray,0.79%,$ 38.92,$ 38.90,0.31,$ 39.06,$ 38.55
2011-07-11-yhoo,3.59%,$ 15.05,$ 15.43,0.56,$ 15.44,$ 14.99,
2011-07-12-aapl,0.07%,$ 353.75,$ 353.50,0.25,$ 357.68,$ 348.62
2011-07-12-adbe,2.03%,$ 30.35,$ 30.80,0.63,$ 30.80,$ 30.23,
2011-07-12-adp,0.11%,$ 53.81,$ 53.93,0.06,$ 54.20,$ 53.50
2011-07-12-adsk,4.51%,$ 37.23,$ 39.03,1.76,$ 39.19,$ 37.14,
2011-07-12-akam,0.42%,$ 30.94,$ 30.84,0.13,$ 31.19,$ 30.521
2011-07-12-altr,2.36%,$ 45.06,$ 45.89,1.09,$ 45.89,$ 44.61,
2011-07-12-alxn,0.08%,$ 50.41,$ 50.48,0.04,$ 50.72,$ 50.04
2011-07-12-amat,2.62%,$ 12.64,$ 12.87,0.34,$ 12.88,$ 12.52,
2011-07-12-amgn,,$ 56.90,$ 57.15,,$ 57.29,$ 56.84
2011-07-12-amzn,0.62%,$ 211.23,$ 214.64,1.32,$ 215.65,$ 211.12,
2011-07-12-apol,4.06%,$ 49.71,$ 47.91,1.94,$ 49.77,$ 47.91
2011-07-12-atvi,0.17%,$ 11.83,$ 11.85,0.02,$ 11.95,$ 11.76,
2011-07-12-bbby,0.37%,$ 59.13,$ 59.47,0.22,$ 59.86,$ 59.13
2011-07-12-bidu,2.43%,$ 138.94,$ 141.66,3.46,$ 142.30,$ 137.70,
2011-07-12-biib,1.31%,$ 104.05,$ 105.89,1.38,$ 106.3344,$ 103.99
2011-07-12-bmc,1.99%,$ 54.09,$ 55.22,1.10,$ 55.30,$ 54.07,
2011-07-12-brcm,1.77%,$ 33.34,$ 33.69,0.60,$ 33.78,$ 32.90
2011-07-12-ca,2.09%,$ 22.51,$ 22.91,0.48,$ 23.04,$ 22.49,
2011-07-12-celg,0.08%,$ 61.06,$ 61.27,0.05,$ 61.64,$ 61.03
2011-07-12-cern,0.86%,$ 62.29,$ 62.98,0.54,$ 62.98,$ 62.17,
2011-07-12-chkp,0.03%,$ 57.35,$ 57.38,0.02,$ 57.94,$ 57.26
2011-07-12-chrw,1.17%,$ 79.51,$ 80.47,0.94,$ 80.62,$ 79.43,
2011-07-12-cmcsa,1.64%,$ 24.62,$ 25.09,0.41,$ 25.21,$ 24.62
2011-07-12-cost,0.04%,$ 80.71,$ 80.89,0.03,$ 81.76,$ 80.65,
2011-07-12-csco,1.1%,$ 15.60,$ 15.45,0.17,$ 15.96,$ 15.42
2011-07-12-ctrp,1.51%,$ 43.11,$ 43.61,0.66,$ 43.69,$ 42.99,
2011-07-12-ctsh,1.63%,$ 73.54,$ 73.50,1.22,$ 74.08,$ 72.69
2011-07-12-ctxs,3.56%,$ 76.37,$ 79.41,2.82,$ 79.74,$ 75.83,
2011-07-12-dell,0.6%,$ 16.55,$ 16.56,0.10,$ 16.80,$ 16.40
2011-07-12-dltr,0.57%,$ 69.21,$ 69.30,0.40,$ 69.9894,$ 69,
2011-07-12-dtv,0.74%,$ 52.42,$ 52.94,0.39,$ 53.36,$ 52.3799
2011-07-12-ebay,1.98%,$ 32.26,$ 33.20,0.65,$ 33.49,$ 32.13,
2011-07-12-erts,0.9%,$ 24.17,$ 24.40,0.22,$ 24.57,$ 24.13
2011-07-12-esrx,0.17%,$ 53.39,$ 53.75,0.09,$ 54.18,$ 53.26,
2011-07-12-expd,1.92%,$ 50.59,$ 51.50,0.99,$ 51.73,$ 50.455
2011-07-12-expe,0.59%,$ 30.57,$ 30.30,0.18,$ 30.91,$ 29.95,
2011-07-12-fast,4.22%,$ 34.48,$ 35.66,1.52,$ 35.99,$ 34.40
2011-07-12-ffiv,2.11%,$ 110.40,$ 112.26,2.38,$ 112.49,$ 108.05,
2011-07-12-fisv,1.59%,$ 62.66,$ 63.60,1.01,$ 63.92,$ 62.64
2011-07-12-flex,1.88%,$ 6.28,$ 6.40,0.12,$ 6.41,$ 6.25,
2011-07-12-flir,1.6%,$ 32.67,$ 33.26,0.53,$ 33.27,$ 32.65
2011-07-12-fslr,2.33%,$ 123.97,$ 126.58,2.96,$ 126.84,$ 123.25,
2011-07-12-gild,0.68%,$ 41.55,$ 41.02,0.28,$ 41.86,$ 41
2011-07-12-gmcr,5.12%,$ 89.76,$ 93.40,4.84,$ 93.99,$ 88.93,
2011-07-12-goog,1.28%,$ 534.01,$ 528.76,6.73,$ 539.42,$ 526
2011-07-12-grmn,1.17%,$ 33.04,$ 33.33,0.39,$ 33.54,$ 32.90,
2011-07-12-hpq,,$ 35.29,,,$ 35.71,$ 35.10
2011-07-12-hsic,0.2%,$ 73.44,$ 73.31,0.15,$ 73.99,$ 72.96,
2011-07-12-ilmn,0.26%,$ 73.60,$ 73.41,0.19,$ 74.30,$ 73.4029
2011-07-12-infy,5.62%,$ 61.44,$ 61.80,3.66,$ 62.72,$ 60.90,
2011-07-12-intc,1.75%,$ 22.45,$ 22.65,0.40,$ 22.72,$ 22.24
2011-07-12-intu,1.24%,$ 50.26,$ 50.81,0.63,$ 50.96,$ 50.22,
2011-07-12-isrg,1.31%,$ 357.08,$ 363.44,4.75,$ 366.38,$ 356.54
2011-07-12-joyg,0.73%,$ 93.78,$ 94.40,0.69,$ 95.9555,$ 93.48,
2011-07-12-klac,2.32%,$ 41.31,$ 41.38,0.98,$ 42.73,$ 40.60
2011-07-12-life,0.42%,$ 50.60,$ 50.53,0.21,$ 51.32,$ 50.51,
2011-07-12-linta,0.2%,$ 17.525,$ 17.53,0.035,$ 17.67,$ 17.42
2011-07-12-lltc,4.39%,$ 31.18,$ 32.19,1.43,$ 32.25,$ 31.12,
2011-07-12-lrcx,5.02%,$ 42.61,$ 44.20,2.25,$ 44.40,$ 41.90
2011-07-12-mchp,12.14%,$ 32.93,$ 33.58,4.55,$ 33.82,$ 32.17,
2011-07-12-mrvl,0.34%,$ 14.81,$ 14.81,0.05,$ 14.88,$ 14.51
2011-07-12-msft,0.34%,$ 26.54,$ 26.60,0.09,$ 26.79,$ 26.34,
2011-07-12-mu,2.4%,$ 7.31,$ 7.39,0.18,$ 7.45,$ 7.21
2011-07-12-mxim,6.73%,$ 23.71,$ 24.70,1.71,$ 24.80,$ 23.18,
2011-07-12-myl,0.82%,$ 24.13,$ 24.39,0.20,$ 24.60,$ 24.13
2011-07-12-nflx,0.18%,$ 291.27,$ 291.93,0.53,$ 296.29,$ 286.80,
2011-07-12-nihd,0.5%,$ 42.50,$ 42.46,0.21,$ 42.945,$ 42.28
2011-07-12-ntap,1.12%,$ 51.97,$ 52.58,0.59,$ 52.70,$ 51.785,
2011-07-12-nvda,1.34%,$ 14.69,$ 14.80,0.20,$ 14.96,$ 14.44
2011-07-12-nwsa,0.84%,$ 15.35,$ 15.97,0.13,$ 16.04,$ 15.20,
2011-07-12-orcl,1.63%,$ 32.60,$ 33.32,0.54,$ 33.475,$ 32.52
2011-07-12-orly,0.33%,$ 64.635,$ 64.55,0.215,$ 65.18,$ 64.39,
2011-07-12-payx,0.16%,$ 30.91,$ 31.05,0.05,$ 31.19,$ 30.85
2011-07-12-pcar,0.18%,$ 50.54,$ 50.52,0.09,$ 51.18,$ 50.48,
2011-07-12-pcln,1.49%,$ 528.57,$ 534.58,7.98,$ 535.489,$ 526.20
2011-07-12-qcom,2.95%,$ 56.52,$ 58.26,1.72,$ 58.59,$ 56.21,
2011-07-12-qgen,1.3%,$ 18.24,$ 18.33,0.24,$ 18.46,$ 18.215
2011-07-12-rimm,1.53%,$ 28.48,$ 28.13,0.43,$ 28.99,$ 28.09,
2011-07-12-rost,0.19%,$ 78.82,$ 79.18,0.15,$ 79.64,$ 78.60
2011-07-12-sbux,0.43%,$ 39.57,$ 39.79,0.17,$ 40.28,$ 39.53,
2011-07-12-shld,2.91%,$ 74.65,$ 73.94,2.11,$ 80,$ 72.85
2011-07-12-sial,0.04%,$ 73.71,$ 73.92,0.03,$ 74.54,$ 73.50,
2011-07-12-sndk,1.41%,$ 41.18,$ 41.60,0.59,$ 41.73,$ 40.52
2011-07-12-spls,1.05%,$ 15.43,$ 15.29,0.16,$ 15.59,$ 15.22,
2011-07-12-srcl,0.08%,$ 91.33,$ 91.47,0.07,$ 91.792,$ 91.04
2011-07-12-stx,0.69%,$ 16.595,$ 16.66,0.115,$ 16.80,$ 16.46,
2011-07-12-symc,0.67%,$ 19.23,$ 19.40,0.13,$ 19.50,$ 19.19
2011-07-12-teva,0.49%,$ 49.06,$ 49.17,0.24,$ 49.3662,$ 49,
2011-07-12-urbn,1.28%,$ 31.70,$ 31.50,0.40,$ 31.93,$ 31.35
2011-07-12-vmed,0.91%,$ 27.655,$ 27.91,0.255,$ 28.06,$ 27.56,
2011-07-12-vod,1.11%,$ 25.90,$ 26.05,0.29,$ 26.1254,$ 25.89
2011-07-12-vrsn,0.77%,$ 33.56,$ 33.79,0.26,$ 34.02,$ 33.51,
2011-07-12-vrtx,2.27%,$ 51.41,$ 50.15,1.14,$ 51.83,$ 50.0504
2011-07-12-wcrx,0.79%,$ 24.20,$ 24.07,0.19,$ 24.26,$ 23.82,
2011-07-12-wfm,0.36%,$ 64.89,$ 64.68,0.23,$ 66.18,$ 64.66
2011-07-12-wynn,0.04%,$ 156.87,$ 157.19,0.06,$ 159.50,$ 156.32,
2011-07-12-xlnx,3.79%,$ 34.31,$ 35.61,1.35,$ 35.62,$ 33.72
2011-07-12-xray,0.23%,$ 39.01,$ 38.90,0.09,$ 39.25,$ 38.87,
2011-07-12-yhoo,1.26%,$ 14.86,$ 15.01,0.19,$ 15.18,$ 14.85
2011-07-13-aapl,1.21%,$ 358.02,$ 358.33,4.27,$ 360,$ 356.38,
2011-07-13-adbe,0.92%,$ 30.07,$ 30.52,0.28,$ 30.765,$ 29.97
2011-07-13-adp,0.22%,$ 53.69,$ 54.03,0.12,$ 54.29,$ 53.56,
2011-07-13-adsk,0.08%,$ 37.26,$ 37.54,0.03,$ 38.21,$ 37.20
2011-07-13-akam,0.03%,$ 30.95,$ 31.23,0.01,$ 31.535,$ 30.90,
2011-07-13-altr,3.11%,$ 43.66,$ 45.41,1.40,$ 45.42,$ 43.39
2011-07-13-alxn,1.67%,$ 51.25,$ 50.52,0.84,$ 52.66,$ 50.3907,
2011-07-13-amat,1.58%,$ 12.44,$ 12.72,0.20,$ 12.73,$ 12.41
2011-07-13-amgn,0.51%,$ 56.61,$ 56.98,0.29,$ 57.23,$ 56.35,
2011-07-13-amzn,1.07%,$ 213.50,$ 214.70,2.27,$ 216.83,$ 212.14
2011-07-13-apol,0.22%,$ 49.82,$ 49.71,0.11,$ 50.49,$ 49.59,
2011-07-13-atvi,0.59%,$ 11.90,$ 11.90,0.07,$ 12.02,$ 11.84
2011-07-13-bbby,0.52%,$ 59.44,$ 59.64,0.31,$ 59.93,$ 59.27,
2011-07-13-bidu,2.41%,$ 142.29,$ 142,3.35,$ 144.50,$ 141.86
2011-07-13-biib,1.21%,$ 105.31,$ 104.73,1.26,$ 106.20,$ 104.05,
2011-07-13-bmc,0.33%,$ 53.91,$ 54.55,0.18,$ 54.70,$ 53.72
2011-07-13-brcm,0.12%,$ 33.30,$ 33.50,0.04,$ 34.03,$ 33.01,
2011-07-13-ca,0.36%,$ 22.43,$ 22.67,0.08,$ 22.81,$ 22.39
2011-07-13-celg,0.03%,$ 61.08,$ 61.56,0.02,$ 61.75,$ 60.19,
2011-07-13-cern,0.43%,$ 62.56,$ 62.57,0.27,$ 63.4599,$ 62.38
2011-07-13-chkp,0.19%,$ 57.46,$ 57.80,0.11,$ 58.03,$ 57.28,
2011-07-13-chrw,0.11%,$ 79.60,$ 79.99,0.09,$ 80.50,$ 79.36
2011-07-13-cmcsa,0.2%,$ 24.57,$ 24.85,0.05,$ 24.97,$ 24.52,
2011-07-13-cost,0.16%,$ 80.84,$ 80.99,0.13,$ 81.5616,$ 80.31
2011-07-13-csco,0.19%,$ 15.57,$ 15.70,0.03,$ 15.85,$ 15.50,
2011-07-13-ctrp,3.22%,$ 44.50,$ 43.51,1.39,$ 45,$ 43.51
2011-07-13-ctsh,0.65%,$ 74.02,$ 74.12,0.48,$ 75.20,$ 73.66,
2011-07-13-ctxs,0.64%,$ 75.88,$ 77.09,0.49,$ 77.54,$ 74.99
2011-07-13-dell,0.12%,$ 16.53,$ 16.69,0.02,$ 16.80,$ 16.48,
2011-07-13-dltr,0.04%,$ 69.18,$ 68.91,0.03,$ 69.47,$ 68.51
2011-07-13-dtv,0.78%,$ 52.83,$ 52.90,0.41,$ 53.40,$ 52.56,
2011-07-13-ebay,0.37%,$ 32.38,$ 32.50,0.12,$ 32.7971,$ 32.05
2011-07-13-erts,1.08%,$ 23.91,$ 23.40,0.26,$ 24.49,$ 23.33,
2011-07-13-esrx,0.41%,$ 53.17,$ 53.73,0.22,$ 53.91,$ 52.83
2011-07-13-expd,0.02%,$ 50.58,$ 51.01,0.01,$ 51.29,$ 50.43,
2011-07-13-expe,0.13%,$ 30.61,$ 30.71,0.04,$ 31.01,$ 30.41
2011-07-13-fast,0.06%,$ 34.50,$ 34.90,0.02,$ 35.10,$ 34.32,
2011-07-13-ffiv,2.1%,$ 112.72,$ 111.78,2.32,$ 115.08,$ 111.78
2011-07-13-fisv,0.05%,$ 62.69,$ 62.93,0.03,$ 63.53,$ 62.53,
2011-07-13-flex,1.91%,$ 6.40,$ 6.31,0.12,$ 6.49,$ 6.24
2011-07-13-flir,0.03%,$ 32.66,$ 32.79,0.01,$ 33.13,$ 32.59,
2011-07-13-fslr,0.98%,$ 125.18,$ 125.43,1.21,$ 127.01,$ 123.55
2011-07-13-gild,0.14%,$ 41.61,$ 41.73,0.06,$ 42.16,$ 41.50,
2011-07-13-gmcr,0.86%,$ 90.53,$ 90.51,0.77,$ 91.72,$ 89.50
2011-07-13-goog,0.8%,$ 538.26,$ 537,4.25,$ 544,$ 536.484,
2011-07-13-grmn,0.24%,$ 32.96,$ 33.21,0.08,$ 33.44,$ 32.845
2011-07-13-hpq,0.43%,$ 35.42,,0.15,$ 35.80,$ 35.30,
2011-07-13-hsic,0.6%,$ 73.88,$ 73.68,0.44,$ 74.51,$ 72.88
2011-07-13-ilmn,0.56%,$ 74.01,$ 74.28,0.41,$ 75.335,$ 73.5998,
2011-07-13-infy,0.29%,$ 61.26,$ 61.99,0.18,$ 62.21,$ 60.90
2011-07-13-intc,0.13%,$ 22.48,$ 22.56,0.03,$ 22.73,$ 22.32,
2011-07-13-intu,0.8%,$ 49.86,$ 50.49,0.40,$ 50.94,$ 49.69
2011-07-13-isrg,0.65%,$ 359.40,$ 360.03,2.32,$ 365.368,$ 358.05,
2011-07-13-joyg,1.16%,$ 94.87,$ 94.77,1.09,$ 97.24,$ 94.58
2011-07-13-klac,0.77%,$ 41.63,$ 41.54,0.32,$ 42.31,$ 41.11,
2011-07-13-life,0.2%,$ 50.50,$ 50.77,0.10,$ 51.09,$ 50.40
2011-07-13-linta,0.31%,$ 17.58,$ 17.65,0.055,$ 17.79,$ 17.45,
2011-07-13-lltc,1.09%,$ 30.84,$ 31.42,0.34,$ 31.42,$ 30.68
2011-07-13-lrcx,0.16%,$ 42.68,$ 42.62,0.07,$ 43.44,$ 42.23,
2011-07-13-mat,0.92%,$ 27.03,$ 27.47,0.25,$ 27.50,$ 26.94
2011-07-13-mchp,1.58%,$ 32.41,$ 33.01,0.52,$ 33.67,$ 32.24,
2011-07-13-mrvl,0.61%,$ 14.72,$ 14.85,0.09,$ 15.03,$ 14.60
2011-07-13-msft,0.34%,$ 26.63,$ 26.60,0.09,$ 26.96,$ 26.51,
2011-07-13-mu,2.46%,$ 7.49,$ 7.40,0.18,$ 7.76,$ 7.37
2011-07-13-mxim,0.59%,$ 23.85,$ 23.78,0.14,$ 24.14,$ 23.66,
2011-07-13-myl,0.46%,$ 24.02,$ 24.28,0.11,$ 24.40,$ 23.99
2011-07-13-nflx,2.56%,$ 298.73,$ 300.70,7.46,$ 304.79,$ 296.60,
2011-07-13-nihd,2.38%,$ 43.51,$ 42.58,1.01,$ 43.79,$ 42.47
2011-07-13-ntap,1.42%,$ 51.23,$ 52.49,0.74,$ 52.75,$ 51.16,
2011-07-13-nvda,0.2%,$ 14.66,$ 14.89,0.03,$ 14.99,$ 14.52
2011-07-13-nwsa,3.78%,$ 15.93,$ 15.37,0.58,$ 16.50,$ 15.30,
2011-07-13-orcl,0.28%,$ 32.69,$ 32.86,0.09,$ 33.29,$ 32.59
2011-07-13-orly,0.46%,$ 64.34,$ 65,0.295,$ 65.34,$ 64.12,
2011-07-13-payx,0.68%,$ 30.70,$ 31.13,0.21,$ 31.22,$ 30.571
2011-07-13-pcar,0.55%,$ 50.26,$ 51.07,0.28,$ 51.27,$ 50.03,
2011-07-13-pcln,0.7%,$ 532.27,$ 534.14,3.70,$ 541.97,$ 530
2011-07-13-qcom,0.76%,$ 56.09,$ 57.06,0.43,$ 57.09,$ 56.01,
2011-07-13-qgen,0.05%,$ 18.23,$ 18.30,0.01,$ 18.47,$ 18.21
2011-07-13-rimm,1.16%,$ 28.15,$ 28.79,0.33,$ 28.96,$ 28.06,
2011-07-13-rost,0.38%,$ 78.52,$ 79.39,0.30,$ 79.98,$ 78.29
2011-07-13-sbux,0.03%,$ 39.58,$ 39.81,0.01,$ 40.25,$ 39.50,
2011-07-13-shld,0.82%,$ 75.26,$ 75.71,0.61,$ 76.25,$ 74.69
2011-07-13-sial,0.12%,$ 73.80,$ 74.33,0.09,$ 74.65,$ 73.60,
2011-07-13-sndk,1.7%,$ 41.88,$ 41.53,0.70,$ 42.73,$ 41.17
2011-07-13-spls,0.39%,$ 15.49,$ 15.57,0.06,$ 15.60,$ 15.41,
2011-07-13-srcl,0.18%,$ 91.49,$ 92.19,0.16,$ 92.74,$ 91.33
2011-07-13-stx,1.42%,$ 16.83,$ 16.75,0.235,$ 16.955,$ 16.66,
2011-07-13-symc,0.21%,$ 19.27,$ 19.33,0.04,$ 19.59,$ 19.23
2011-07-13-teva,0.35%,$ 49.23,$ 49.34,0.17,$ 49.72,$ 49.15,
2011-07-13-urbn,0.47%,$ 31.85,$ 31.86,0.15,$ 32.46,$ 31.74
2011-07-13-vmed,0.24%,$ 27.72,$ 27.93,0.065,$ 28.29,$ 27.65,
2011-07-13-vod,0.54%,$ 26.04,$ 25.77,0.14,$ 26.2196,$ 25.76
2011-07-13-vrsn,0.48%,$ 33.40,$ 33.69,0.16,$ 33.92,$ 33.325,
2011-07-13-vrtx,0.16%,$ 51.49,$ 51.57,0.08,$ 52.33,$ 51.18
2011-07-13-wcrx,1.28%,$ 23.89,$ 24.32,0.31,$ 24.65,$ 23.76,
2011-07-13-wfm,1.26%,$ 65.71,$ 65.20,0.82,$ 67.42,$ 65.20
2011-07-13-wynn,0.33%,$ 156.35,$ 158.65,0.52,$ 159.772,$ 155.86,
2011-07-13-xlnx,1.14%,$ 33.92,$ 34.57,0.39,$ 34.5895,$ 33.75
2011-07-13-xray,0.62%,$ 39.25,$ 39.16,0.24,$ 39.58,$ 39.04,
2011-07-13-yhoo,0.34%,$ 14.91,$ 15.01,0.05,$ 15.10,$ 14.87
2011-07-14-aapl,0.07%,$ 357.77,$ 360.95,0.25,$ 361.61,$ 356.34,
2011-07-14-adbe,2.39%,$ 29.35,$ 30.12,0.72,$ 30.22,$ 29.25
2011-07-14-adp,0.75%,$ 53.29,$ 53.83,0.40,$ 54.1197,$ 53.1699,
2011-07-14-adsk,2.44%,$ 36.35,$ 37.43,0.91,$ 37.69,$ 36.24
2011-07-14-akam,4.3%,$ 29.62,$ 30.86,1.33,$ 30.93,$ 29.52,
2011-07-14-altr,2.47%,$ 42.58,$ 43.88,1.08,$ 44.05,$ 42.47
2011-07-14-alxn,0.04%,$ 51.27,$ 51.31,0.02,$ 51.66,$ 50.61,
2011-07-14-amat,1.37%,$ 12.27,$ 12.46,0.17,$ 12.64,$ 12.24
2011-07-14-amgn,1.64%,$ 55.68,$ 56.56,0.93,$ 56.60,$ 55.49,
2011-07-14-amzn,1.46%,$ 210.38,$ 213.93,3.12,$ 215.91,$ 209.38
2011-07-14-apol,1.36%,$ 49.14,$ 49.85,0.68,$ 50.03,$ 48.95,
2011-07-14-atvi,0.5%,$ 11.84,$ 11.89,0.06,$ 11.97,$ 11.75
2011-07-14-bbby,1.06%,$ 58.81,$ 59.61,0.63,$ 60.25,$ 58.64,
2011-07-14-bidu,1.03%,$ 140.82,$ 142.95,1.47,$ 144.36,$ 139.81
2011-07-14-biib,2.01%,$ 103.19,$ 105.47,2.12,$ 106.23,$ 103.06,
2011-07-14-bmc,2.39%,$ 52.62,$ 53.97,1.29,$ 54.27,$ 52.45
2011-07-14-brcm,1.26%,$ 32.88,$ 33.37,0.42,$ 34.13,$ 32.70,
2011-07-14-ca,1.43%,$ 22.11,$ 22.52,0.32,$ 22.65,$ 21.985
2011-07-14-celg,0.82%,$ 60.58,$ 61.07,0.50,$ 61.49,$ 60.42,
2011-07-14-cern,1.21%,$ 61.80,$ 62.66,0.76,$ 63.26,$ 61.52
2011-07-14-chkp,1.51%,$ 56.59,$ 57.80,0.87,$ 57.80,$ 56.10,
2011-07-14-chrw,0.85%,$ 78.92,$ 79.62,0.68,$ 80.02,$ 78.49
2011-07-14-cmcsa,0.59%,$ 24.425,$ 24.61,0.145,$ 24.86,$ 24.36,
2011-07-14-cost,0.63%,$ 80.33,$ 80.87,0.51,$ 81.47,$ 80.13
2011-07-14-csco,0.9%,$ 15.43,$ 15.56,0.14,$ 15.76,$ 15.40,
2011-07-14-ctrp,,$ 44.50,$ 44.53,,$ 45.085,$ 43.72
2011-07-14-ctsh,1.41%,$ 72.98,$ 74.62,1.04,$ 75.57,$ 72.81,
2011-07-14-ctxs,1.95%,$ 74.40,$ 76.35,1.48,$ 76.35,$ 73.71
2011-07-14-dell,0.97%,$ 16.69,$ 16.61,0.16,$ 17.07,$ 16.56,
2011-07-14-dltr,0.38%,$ 68.92,$ 69.51,0.26,$ 69.99,$ 68.56
2011-07-14-dtv,1.31%,$ 52.14,$ 52.81,0.69,$ 52.954,$ 51.58,
2011-07-14-ebay,0.59%,$ 32.19,$ 32.40,0.19,$ 32.80,$ 31.92
2011-07-14-erts,1.67%,$ 23.51,$ 23.49,0.40,$ 23.76,$ 23.19,
2011-07-14-esrx,1.32%,$ 52.47,$ 53.19,0.70,$ 53.38,$ 52.22
2011-07-14-expd,1.36%,$ 49.89,$ 50.76,0.69,$ 50.96,$ 49.76,
2011-07-14-expe,1.31%,$ 30.21,$ 30.81,0.40,$ 30.91,$ 29.93
2011-07-14-fast,0.75%,$ 34.24,$ 34.72,0.26,$ 34.93,$ 34.12,
2011-07-14-ffiv,1.56%,$ 110.96,$ 113.65,1.76,$ 115.50,$ 109.92
2011-07-14-fisv,1.12%,$ 61.99,$ 62.82,0.70,$ 63.27,$ 61.90,
2011-07-14-flex,2.03%,$ 6.27,$ 6.39,0.13,$ 6.46,$ 6.23
2011-07-14-flir,1.68%,$ 32.11,$ 32.73,0.55,$ 32.80,$ 32.03,
2011-07-14-fslr,1.59%,$ 123.19,$ 125.28,1.99,$ 125.32,$ 122.62
2011-07-14-gild,0.82%,$ 41.27,$ 41.73,0.34,$ 41.99,$ 41.21,
2011-07-14-gmcr,2.45%,$ 88.31,$ 90.41,2.22,$ 91.52,$ 88.11
2011-07-14-goog,1.73%,$ 528.94,$ 539.14,9.32,$ 542,$ 526.73,
2011-07-14-grmn,1.55%,$ 32.45,$ 33.06,0.51,$ 33.11,$ 32.18
2011-07-14-hpq,0.99%,$ 35.09,,0.35,$ 35.69,$ 35.01,
2011-07-14-hsic,1.23%,$ 72.97,$ 73.94,0.91,$ 74.38,$ 72.73
2011-07-14-ilmn,0.45%,$ 73.68,$ 74.09,0.33,$ 74.77,$ 72.65,
2011-07-14-infy,0.16%,$ 61.16,$ 61.55,0.10,$ 62.43,$ 60.96
2011-07-14-intc,0.93%,$ 22.27,$ 22.52,0.21,$ 22.70,$ 22.21,
2011-07-14-intu,1.34%,$ 49.19,$ 49.86,0.67,$ 50.44,$ 49.05
2011-07-14-isrg,0.96%,$ 355.96,$ 360.15,3.44,$ 361.95,$ 354.23,
2011-07-14-joyg,0.57%,$ 95.41,$ 95.85,0.54,$ 98.50,$ 94
2011-07-14-klac,2.11%,$ 40.75,$ 41.80,0.88,$ 42.45,$ 40.59,
2011-07-14-life,0.83%,$ 50.08,$ 50.72,0.42,$ 51.38,$ 49.98
2011-07-14-linta,1.99%,$ 17.23,$ 17.61,0.35,$ 17.835,$ 17.13,
2011-07-14-lltc,1.72%,$ 30.31,$ 30.95,0.53,$ 31.31,$ 30.245
2011-07-14-lrcx,1.94%,$ 41.85,$ 42.72,0.83,$ 43.10,$ 41.54,
2011-07-14-mat,0.89%,$ 26.79,$ 27.05,0.24,$ 27.12,$ 26.59
2011-07-14-mchp,1.23%,$ 32.01,$ 32.59,0.40,$ 32.935,$ 31.81,
2011-07-14-mrvl,0.27%,$ 14.68,$ 14.75,0.04,$ 15.06,$ 14.54
2011-07-14-msft,0.6%,$ 26.47,$ 26.63,0.16,$ 27.01,$ 26.36,
2011-07-14-mu,2.67%,$ 7.29,$ 7.52,0.20,$ 7.59,$ 7.23
2011-07-14-mxim,1.01%,$ 23.61,$ 23.87,0.24,$ 24.19,$ 23.45,
2011-07-14-myl,0.67%,$ 23.86,$ 24.18,0.16,$ 24.31,$ 23.80
2011-07-14-nflx,4.05%,$ 286.62,$ 299.50,12.11,$ 300,$ 285.26,
2011-07-14-nihd,3.82%,$ 41.85,$ 43.51,1.66,$ 43.6578,$ 41.42
2011-07-14-ntap,3.12%,$ 49.63,$ 51.49,1.60,$ 51.70,$ 49.52,
2011-07-14-nvda,3.96%,$ 14.08,$ 14.72,0.58,$ 14.81,$ 14.01
2011-07-14-nwsa,3.11%,$ 15.435,$ 15.96,0.495,$ 16.13,$ 15.20,
2011-07-14-orcl,1.96%,$ 32.05,$ 32.81,0.64,$ 33.10,$ 31.86
2011-07-14-orly,1.01%,$ 63.69,$ 64.43,0.65,$ 64.60,$ 63.35,
2011-07-14-payx,0.62%,$ 30.51,$ 30.79,0.19,$ 31.04,$ 30.38
2011-07-14-pcar,2.31%,$ 49.10,$ 50.37,1.16,$ 50.79,$ 48.9439,
2011-07-14-pcln,2.36%,$ 519.72,$ 534.77,12.55,$ 537.69,$ 518.50
2011-07-14-qcom,2.09%,$ 54.92,$ 56.14,1.17,$ 56.44,$ 54.29,
2011-07-14-qgen,0.11%,$ 18.25,$ 18.35,0.02,$ 18.46,$ 18.12
2011-07-14-rimm,3.13%,$ 27.27,$ 28.30,0.88,$ 28.41,$ 27.17,
2011-07-14-rost,0.96%,$ 77.77,$ 78.76,0.75,$ 79.19,$ 77.47
2011-07-14-sbux,1.14%,$ 39.13,$ 39.55,0.45,$ 39.82,$ 38.90,
2011-07-14-shld,1.49%,$ 74.14,$ 75.33,1.12,$ 76.83,$ 73.81
2011-07-14-sial,1.07%,$ 73.01,$ 73.95,0.79,$ 74.32,$ 72.66,
2011-07-14-sndk,1.72%,$ 41.16,$ 42.08,0.72,$ 42.75,$ 41
2011-07-14-spls,1.87%,$ 15.20,$ 15.50,0.29,$ 15.525,$ 15.10,
2011-07-14-srcl,1.74%,$ 89.90,$ 91.66,1.59,$ 92.01,$ 89.73
2011-07-14-stx,0.89%,$ 16.68,$ 16.94,0.15,$ 17.11,$ 16.63,
2011-07-14-symc,1.56%,$ 18.97,$ 19.28,0.30,$ 19.42,$ 18.87
2011-07-14-teva,1.63%,$ 48.43,$ 49.47,0.80,$ 49.52,$ 48.35,
2011-07-14-urbn,1.73%,$ 31.30,$ 31.85,0.55,$ 31.93,$ 30.96
2011-07-14-vmed,0.14%,$ 27.68,$ 27.87,0.04,$ 28.42,$ 27.63,
2011-07-14-vod,1%,$ 25.78,$ 26.08,0.26,$ 26.21,$ 25.72
2011-07-14-vrsn,1.83%,$ 32.79,$ 33.56,0.61,$ 33.73,$ 32.73,
2011-07-14-vrtx,2.25%,$ 50.33,$ 51,1.16,$ 52.44,$ 50.18
2011-07-14-wcrx,0.17%,$ 23.93,$ 24,0.04,$ 24,$ 23.60,
2011-07-14-wfm,2.45%,$ 64.10,$ 65.72,1.61,$ 66.18,$ 64.01
2011-07-14-wynn,1.55%,$ 158.78,$ 157.04,2.43,$ 159.71,$ 156.53,
2011-07-14-xlnx,1.15%,$ 33.53,$ 34.11,0.39,$ 34.32,$ 33.3201
2011-07-14-xray,0.25%,$ 39.15,$ 39.46,0.10,$ 39.65,$ 38.99,
2011-07-14-yhoo,1.88%,$ 14.63,$ 14.89,0.28,$ 14.99,$ 14.60
2011-07-15-aapl,2%,$ 364.92,$ 360.99,7.15,$ 365,$ 359.17,
2011-07-15-adbe,0.2%,$ 29.29,$ 29.43,0.06,$ 29.57,$ 29.02
2011-07-15-adp,0.34%,$ 53.11,$ 53.38,0.18,$ 53.59,$ 52.715,
2011-07-15-adsk,0.55%,$ 36.15,$ 36.53,0.20,$ 36.80,$ 35.82
2011-07-15-akam,0.78%,$ 29.85,$ 29.87,0.23,$ 30.09,$ 29.46,
2011-07-15-altr,0.21%,$ 42.67,$ 42.71,0.09,$ 42.85,$ 41.91
2011-07-15-alxn,2.15%,$ 52.37,$ 51.43,1.10,$ 52.47,$ 51.15,
2011-07-15-amat,1.47%,$ 12.45,$ 12.26,0.18,$ 12.49,$ 12.18
2011-07-15-amgn,1.13%,$ 55.05,$ 55.37,0.63,$ 55.42,$ 54.745,
2011-07-15-amzn,1.18%,$ 212.87,$ 213.08,2.49,$ 214.53,$ 209.29
2011-07-15-apol,0.98%,$ 49.62,$ 49.43,0.48,$ 49.73,$ 49.01,
2011-07-15-atvi,0.59%,$ 11.91,$ 11.87,0.07,$ 11.98,$ 11.80
2011-07-15-bbby,0.26%,$ 58.66,$ 59.04,0.15,$ 59.23,$ 58.06,
2011-07-15-bidu,4.34%,$ 146.93,$ 145,6.11,$ 147.24,$ 143.671
2011-07-15-biib,0.78%,$ 104,$ 102.72,0.81,$ 104.69,$ 102.55,
2011-07-15-bmc,0.06%,$ 52.65,$ 52.83,0.03,$ 53,$ 52.36
2011-07-15-brcm,1.19%,$ 33.27,$ 33.09,0.39,$ 33.43,$ 32.64,
2011-07-15-ca,0.59%,$ 21.98,$ 22.17,0.13,$ 22.22,$ 21.73
2011-07-15-celg,0.15%,$ 60.67,$ 60.77,0.09,$ 61.01,$ 60.25,
2011-07-15-cern,0.16%,$ 61.90,$ 62.26,0.10,$ 62.90,$ 61.56
2011-07-15-chkp,0.02%,$ 56.58,$ 56.71,0.01,$ 56.98,$ 55.27,
2011-07-15-chrw,0.46%,$ 78.56,$ 79.06,0.36,$ 79.16,$ 77.78
2011-07-15-cmcsa,1.21%,$ 24.13,$ 24.38,0.295,$ 24.39,$ 23.935,
2011-07-15-cost,0.58%,$ 79.865,$ 80.36,0.465,$ 80.57,$ 79.40
2011-07-15-csco,1.04%,$ 15.59,$ 15.46,0.16,$ 15.70,$ 15.45,
2011-07-15-ctrp,0.99%,$ 44.06,$ 44.60,0.44,$ 45.27,$ 43.6201
2011-07-15-ctsh,1.48%,$ 74.06,$ 73.56,1.08,$ 74.16,$ 73.11,
2011-07-15-ctxs,2.78%,$ 76.47,$ 74.92,2.07,$ 76.64,$ 74.27
2011-07-15-dell,1.68%,$ 16.97,$ 16.70,0.28,$ 16.99,$ 16.66,
2011-07-15-dltr,0.13%,$ 68.83,$ 69.02,0.09,$ 69.72,$ 68.20
2011-07-15-dtv,0.02%,$ 52.15,$ 52.20,0.01,$ 52.36,$ 51.78,
2011-07-15-ebay,1.93%,$ 32.81,$ 32.52,0.62,$ 33.03,$ 32.33
2011-07-15-erts,0.38%,$ 23.60,$ 23.68,0.09,$ 23.77,$ 23.42,
2011-07-15-esrx,0.97%,$ 51.96,$ 52.49,0.51,$ 52.78,$ 51.59
2011-07-15-expd,0.88%,$ 49.45,$ 49.99,0.44,$ 50.05,$ 48.90,
2011-07-15-expe,0.17%,$ 30.26,$ 30.33,0.05,$ 30.69,$ 29.92
2011-07-15-fast,0.18%,$ 34.30,$ 34.36,0.06,$ 34.56,$ 34.02,
2011-07-15-ffiv,2.69%,$ 113.94,$ 112.41,2.98,$ 113.99,$ 110.66
2011-07-15-fisv,1%,$ 61.37,$ 62.20,0.62,$ 62.91,$ 61.27,
2011-07-15-flex,2.07%,$ 6.14,$ 6.28,0.13,$ 6.35,$ 6.12
2011-07-15-flir,9.93%,$ 28.92,$ 28.23,3.19,$ 28.99,$ 27.90,
2011-07-15-fslr,1.18%,$ 124.64,$ 123.06,1.45,$ 125.06,$ 122.35
2011-07-15-gild,0.65%,$ 41,$ 41.26,0.27,$ 41.36,$ 40.705,
2011-07-15-gmcr,1.98%,$ 90.06,$ 88.56,1.75,$ 90.09,$ 87.31
2011-07-15-goog,12.98%,$ 597.62,$ 597.50,68.68,$ 600.25,$ 588.1601,
2011-07-15-grmn,0.68%,$ 32.23,$ 32.38,0.22,$ 32.42,$ 32.08
2011-07-15-hpq,0.14%,$ 35.08,,0.05,$ 35.39,$ 34.97,
2011-07-15-hsic,0.22%,$ 73.13,$ 73.04,0.16,$ 73.13,$ 72.46
2011-07-15-ilmn,1.17%,$ 72.82,$ 73.69,0.86,$ 74.17,$ 72.43,
2011-07-15-infy,0.38%,$ 61.39,$ 61.60,0.23,$ 62.20,$ 61.02
2011-07-15-intc,0.45%,$ 22.37,$ 22.27,0.10,$ 22.56,$ 22.20,
2011-07-15-intu,0.33%,$ 49.35,$ 49.44,0.16,$ 49.54,$ 48.591
2011-07-15-isrg,0.8%,$ 358.79,$ 357.24,2.83,$ 360.944,$ 356.20,
2011-07-15-joyg,1.99%,$ 97.31,$ 95.82,1.90,$ 97.42,$ 93.68
2011-07-15-klac,0.49%,$ 40.95,$ 41.34,0.20,$ 41.35,$ 40.29,
2011-07-15-life,0.22%,$ 50.19,$ 49.96,0.11,$ 50.29,$ 49.78
2011-07-15-linta,0.46%,$ 17.15,$ 17.28,0.08,$ 17.37,$ 17.02,
2011-07-15-lltc,0.56%,$ 30.48,$ 30.52,0.17,$ 30.59,$ 30.08
2011-07-15-lrcx,0.5%,$ 42.06,$ 41.96,0.21,$ 42.16,$ 41.35,
2011-07-15-mat,1.87%,$ 27.29,$ 28.03,0.50,$ 28.49,$ 27.06
2011-07-15-mchp,1.03%,$ 32.34,$ 32.20,0.33,$ 32.41,$ 31.73,
2011-07-15-mrvl,1.29%,$ 14.87,$ 14.71,0.19,$ 14.93,$ 14.54
2011-07-15-msft,1.17%,$ 26.78,$ 26.48,0.31,$ 26.9295,$ 26.47,
2011-07-15-mu,1.65%,$ 7.41,$ 7.34,0.12,$ 7.45,$ 7.26
2011-07-15-mxim,0.47%,$ 23.50,$ 23.63,0.11,$ 23.71,$ 23.36,
2011-07-15-myl,1.22%,$ 23.57,$ 23.87,0.29,$ 23.95,$ 23.47
2011-07-15-nflx,0.11%,$ 286.93,$ 287.96,0.31,$ 289.75,$ 281.62,
2011-07-15-nihd,0.5%,$ 41.64,$ 41.95,0.21,$ 42.29,$ 41.42
2011-07-15-ntap,2.08%,$ 50.66,$ 49.90,1.03,$ 50.78,$ 49.84,
2011-07-15-nvda,0.14%,$ 14.10,$ 14.16,0.02,$ 14.25,$ 13.81
2011-07-15-nwsa,1.33%,$ 15.64,$ 15.36,0.205,$ 15.80,$ 14.89,
2011-07-15-orcl,0.12%,$ 32.09,$ 32.15,0.04,$ 32.26,$ 31.84
2011-07-15-orly,0.94%,$ 63.09,$ 63.82,0.60,$ 64,$ 62.63,
2011-07-15-payx,1.44%,$ 30.07,$ 30.59,0.44,$ 30.60,$ 29.92
2011-07-15-pcar,0.37%,$ 49.28,$ 49.31,0.18,$ 49.56,$ 48.85,
2011-07-15-pcln,0.53%,$ 522.50,$ 522.28,2.78,$ 526.85,$ 515.804
2011-07-15-qcom,0.07%,$ 54.96,$ 55.05,0.04,$ 55.50,$ 54.64,
2011-07-15-qgen,0.16%,$ 18.28,$ 18.20,0.03,$ 18.31,$ 18.07
2011-07-15-rimm,0.92%,$ 27.52,$ 27.49,0.25,$ 27.77,$ 27.21,
2011-07-15-rost,0.13%,$ 77.67,$ 77.88,0.10,$ 78.01,$ 76.92
2011-07-15-sbux,1.71%,$ 39.80,$ 39.15,0.67,$ 39.80,$ 39.08,
2011-07-15-shld,0.12%,$ 74.23,$ 74.32,0.09,$ 74.96,$ 73.20
2011-07-15-sial,0.29%,$ 73.22,$ 73.32,0.21,$ 73.38,$ 72.58,
2011-07-15-sndk,1.12%,$ 41.62,$ 41.50,0.46,$ 41.76,$ 40.84
2011-07-15-spls,,$ 15.20,$ 15.24,,$ 15.33,$ 14.97,
2011-07-15-srcl,1.12%,$ 90.91,$ 90.17,1.01,$ 90.93,$ 89.77
2011-07-15-stx,0.78%,$ 16.81,$ 16.88,0.13,$ 17.03,$ 16.59,
2011-07-15-symc,,$ 18.97,$ 19.03,,$ 19.11,$ 18.87
2011-07-15-teva,0.95%,$ 47.97,$ 48.30,0.46,$ 48.67,$ 47.71,
2011-07-15-urbn,0.35%,$ 31.41,$ 31.37,0.11,$ 31.60,$ 31.03
2011-07-15-vmed,0.58%,$ 27.52,$ 27.77,0.16,$ 27.86,$ 27.39,
2011-07-15-vod,0.04%,$ 25.77,$ 25.78,0.01,$ 25.90,$ 25.66
2011-07-15-vrsn,2.65%,$ 33.66,$ 33.20,0.87,$ 33.74,$ 33.13,
2011-07-15-vrtx,0.7%,$ 50.68,$ 50.28,0.35,$ 51.28,$ 50.24
2011-07-15-wcrx,0.17%,$ 23.97,$ 24,0.04,$ 24.04,$ 23.57,
2011-07-15-wfm,0.66%,$ 64.52,$ 64.28,0.42,$ 64.53,$ 63.70
2011-07-15-wynn,2.42%,$ 162.62,$ 160.32,3.84,$ 162.70,$ 158.15,
2011-07-15-xlnx,0.15%,$ 33.48,$ 33.64,0.05,$ 33.70,$ 33.06
2011-07-15-xray,0.28%,$ 39.26,$ 39.26,0.11,$ 39.47,$ 38.99,
2011-07-15-yhoo,0.41%,$ 14.69,$ 14.75,0.06,$ 14.94,$ 14.61,
